record_date,department,total_throughput,avg_cycle_time_min,error_rate
2024-01-01,Compliance,150,592.8,0.0133
2024-01-01,Finance,152,118.01,0.0132
2024-01-01,HR,153,726.1,0.0131
2024-01-01,IT,161,196.52,0.0062
2024-01-01,Logistics,134,1399.05,0.0448
2024-01-01,Operations,147,409.22,0.0136
2024-01-01,Risk,136,273.79,0.0147
2024-01-02,Compliance,157,581.05,0.0064
2024-01-02,Finance,154,160.77,0.013
2024-01-02,HR,141,1358.12,0.0142
2024-01-02,IT,141,181.53,0.0071
2024-01-02,Logistics,148,1262.37,0.027
2024-01-02,Operations,150,237.73,0.02
2024-01-02,Risk,153,266.24,0.0131
2024-01-03,Compliance,122,693.44,0.0082
2024-01-03,Finance,131,164.39,0.0305
2024-01-03,HR,152,959.23,0.0461
2024-01-03,IT,146,312.74,0.0
2024-01-03,Logistics,166,1453.21,0.0181
2024-01-03,Operations,151,231.18,0.0265
2024-01-03,Risk,152,217.7,0.0132
2024-01-04,Compliance,136,657.33,0.0221
2024-01-04,Finance,169,252.07,0.0237
2024-01-04,HR,147,732.1,0.0204
2024-01-04,IT,174,246.62,0.023
2024-01-04,Logistics,144,730.91,0.0347
2024-01-04,Operations,138,247.35,0.0362
2024-01-04,Risk,124,161.0,0.0323
2024-01-05,Compliance,141,595.51,0.0071
2024-01-05,Finance,153,179.27,0.0
2024-01-05,HR,163,599.66,0.0123
2024-01-05,IT,155,222.38,0.0194
2024-01-05,Logistics,167,1475.14,0.012
2024-01-05,Operations,174,225.52,0.0172
2024-01-05,Risk,159,250.45,0.0252
2024-01-06,Compliance,45,389.31,0.0
2024-01-06,Finance,50,153.79,0.02
2024-01-06,HR,47,837.78,0.0213
2024-01-06,IT,46,212.59,0.0217
2024-01-06,Logistics,45,953.47,0.0
2024-01-06,Operations,44,329.0,0.0227
2024-01-06,Risk,46,242.22,0.0435
2024-01-07,Compliance,52,778.12,0.0577
2024-01-07,Finance,47,139.64,0.0426
2024-01-07,HR,50,1096.6,0.0
2024-01-07,IT,55,189.3,0.0545
2024-01-07,Logistics,50,1388.42,0.06
2024-01-07,Operations,49,261.38,0.0408
2024-01-07,Risk,55,309.62,0.0
2024-01-08,Compliance,133,419.34,0.0376
2024-01-08,Finance,157,115.49,0.0255
2024-01-08,HR,146,800.97,0.0068
2024-01-08,IT,135,296.83,0.0074
2024-01-08,Logistics,153,1201.55,0.0
2024-01-08,Operations,131,238.23,0.0153
2024-01-08,Risk,161,131.56,0.0186
2024-01-09,Compliance,155,524.07,0.0194
2024-01-09,Finance,141,159.81,0.0071
2024-01-09,HR,156,702.22,0.0321
2024-01-09,IT,156,208.3,0.0385
2024-01-09,Logistics,153,1790.42,0.0327
2024-01-09,Operations,147,310.78,0.0136
2024-01-09,Risk,151,150.66,0.0199
2024-01-10,Compliance,153,614.93,0.0065
2024-01-10,Finance,158,171.13,0.019
2024-01-10,HR,169,721.78,0.0178
2024-01-10,IT,165,294.72,0.0121
2024-01-10,Logistics,164,1236.79,0.0427
2024-01-10,Operations,134,199.37,0.0149
2024-01-10,Risk,137,266.54,0.0292
2024-01-11,Compliance,144,514.66,0.0139
2024-01-11,Finance,144,159.35,0.0208
2024-01-11,HR,156,911.72,0.0385
2024-01-11,IT,150,207.9,0.0267
2024-01-11,Logistics,134,941.24,0.0224
2024-01-11,Operations,140,215.21,0.0214
2024-01-11,Risk,158,265.43,0.038
2024-01-12,Compliance,143,529.46,0.014
2024-01-12,Finance,161,150.7,0.0373
2024-01-12,HR,154,925.88,0.013
2024-01-12,IT,152,232.79,0.0263
2024-01-12,Logistics,132,983.85,0.0227
2024-01-12,Operations,144,294.97,0.0069
2024-01-12,Risk,165,215.62,0.0242
2024-01-13,Compliance,54,502.13,0.0
2024-01-13,Finance,52,200.49,0.0192
2024-01-13,HR,43,723.9,0.0
2024-01-13,IT,50,199.26,0.02
2024-01-13,Logistics,53,1291.36,0.0189
2024-01-13,Operations,51,198.73,0.0588
2024-01-13,Risk,51,158.82,0.0
2024-01-14,Compliance,54,442.83,0.0185
2024-01-14,Finance,47,175.76,0.0213
2024-01-14,HR,51,563.3,0.0
2024-01-14,IT,51,191.88,0.0196
2024-01-14,Logistics,56,1042.83,0.0536
2024-01-14,Operations,51,231.44,0.0588
2024-01-14,Risk,51,324.62,0.0196
2024-01-15,Compliance,173,433.38,0.0289
2024-01-15,Finance,150,137.68,0.0267
2024-01-15,HR,178,851.56,0.0169
2024-01-15,IT,157,235.93,0.0191
2024-01-15,Logistics,158,901.15,0.0
2024-01-15,Operations,175,233.23,0.04
2024-01-15,Risk,153,215.87,0.0392
2024-01-16,Compliance,158,582.02,0.019
2024-01-16,Finance,162,186.71,0.0185
2024-01-16,HR,167,954.45,0.0299
2024-01-16,IT,170,203.29,0.0353
2024-01-16,Logistics,143,1282.39,0.035
2024-01-16,Operations,131,184.57,0.0076
2024-01-16,Risk,152,187.55,0.0132
2024-01-17,Compliance,166,530.21,0.012
2024-01-17,Finance,147,187.84,0.0272
2024-01-17,HR,153,770.38,0.0392
2024-01-17,IT,169,197.93,0.0237
2024-01-17,Logistics,174,1047.39,0.023
2024-01-17,Operations,166,227.9,0.0181
2024-01-17,Risk,135,326.28,0.0074
2024-01-18,Compliance,154,640.39,0.0065
2024-01-18,Finance,166,139.83,0.0181
2024-01-18,HR,165,901.92,0.0182
2024-01-18,IT,165,238.89,0.0303
2024-01-18,Logistics,151,1345.64,0.0265
2024-01-18,Operations,137,152.87,0.0365
2024-01-18,Risk,159,432.45,0.0503
2024-01-19,Compliance,158,549.13,0.0443
2024-01-19,Finance,163,97.32,0.0123
2024-01-19,HR,176,684.98,0.017
2024-01-19,IT,166,245.05,0.0181
2024-01-19,Logistics,157,933.94,0.0127
2024-01-19,Operations,138,181.88,0.029
2024-01-19,Risk,165,283.79,0.0242
2024-01-20,Compliance,53,634.35,0.0189
2024-01-20,Finance,48,106.43,0.0208
2024-01-20,HR,44,903.16,0.0455
2024-01-20,IT,51,298.25,0.0196
2024-01-20,Logistics,46,1229.2,0.0217
2024-01-20,Operations,48,149.05,0.0
2024-01-20,Risk,51,170.54,0.0392
2024-01-21,Compliance,50,542.29,0.06
2024-01-21,Finance,44,203.68,0.0227
2024-01-21,HR,61,604.7,0.0164
2024-01-21,IT,56,217.05,0.0179
2024-01-21,Logistics,45,1754.81,0.0444
2024-01-21,Operations,50,244.61,0.06
2024-01-21,Risk,50,315.01,0.02
2024-01-22,Compliance,159,570.8,0.0126
2024-01-22,Finance,157,162.13,0.0255
2024-01-22,HR,162,1089.48,0.0309
2024-01-22,IT,133,239.72,0.015
2024-01-22,Logistics,137,1248.04,0.0219
2024-01-22,Operations,169,198.88,0.0296
2024-01-22,Risk,168,261.46,0.0179
2024-01-23,Compliance,171,461.05,0.0175
2024-01-23,Finance,156,158.81,0.0449
2024-01-23,HR,159,325.52,0.0063
2024-01-23,IT,169,201.72,0.0237
2024-01-23,Logistics,166,1083.64,0.012
2024-01-23,Operations,146,183.64,0.0
2024-01-23,Risk,172,521.08,0.0233
2024-01-24,Compliance,169,580.44,0.0118
2024-01-24,Finance,151,187.66,0.0199
2024-01-24,HR,142,943.64,0.0211
2024-01-24,IT,167,197.55,0.006
2024-01-24,Logistics,144,855.85,0.0556
2024-01-24,Operations,141,244.39,0.0426
2024-01-24,Risk,159,217.01,0.0314
2024-01-25,Compliance,179,726.42,0.0503
2024-01-25,Finance,158,104.59,0.019
2024-01-25,HR,159,843.36,0.0126
2024-01-25,IT,141,197.52,0.0142
2024-01-25,Logistics,156,1359.1,0.0192
2024-01-25,Operations,167,167.59,0.018
2024-01-25,Risk,171,194.22,0.0
2024-01-26,Compliance,146,593.64,0.0342
2024-01-26,Finance,196,160.81,0.0255
2024-01-26,HR,163,662.01,0.0123
2024-01-26,IT,152,337.63,0.0197
2024-01-26,Logistics,151,1408.66,0.0199
2024-01-26,Operations,181,163.9,0.0221
2024-01-26,Risk,127,306.86,0.0236
2024-01-27,Compliance,51,611.51,0.0196
2024-01-27,Finance,50,131.73,0.04
2024-01-27,HR,50,704.11,0.04
2024-01-27,IT,48,258.67,0.0417
2024-01-27,Logistics,56,2215.04,0.0179
2024-01-27,Operations,45,238.11,0.0
2024-01-27,Risk,48,265.7,0.0417
2024-01-28,Compliance,57,662.97,0.0175
2024-01-28,Finance,53,331.32,0.0
2024-01-28,HR,48,791.65,0.0208
2024-01-28,IT,49,224.53,0.0204
2024-01-28,Logistics,60,577.77,0.0
2024-01-28,Operations,50,224.97,0.06
2024-01-28,Risk,54,225.05,0.037
2024-01-29,Compliance,171,604.62,0.0292
2024-01-29,Finance,169,145.07,0.0237
2024-01-29,HR,185,713.35,0.027
2024-01-29,IT,134,238.08,0.0
2024-01-29,Logistics,175,1270.77,0.0114
2024-01-29,Operations,152,161.45,0.0066
2024-01-29,Risk,146,135.37,0.0205
2024-01-30,Compliance,138,452.87,0.0145
2024-01-30,Finance,170,191.43,0.0353
2024-01-30,HR,164,986.85,0.0305
2024-01-30,IT,158,219.98,0.019
2024-01-30,Logistics,158,883.03,0.0253
2024-01-30,Operations,160,194.1,0.0
2024-01-30,Risk,161,247.6,0.0248
2024-01-31,Compliance,159,667.73,0.0126
2024-01-31,Finance,172,158.17,0.0116
2024-01-31,HR,159,1085.47,0.0314
2024-01-31,IT,180,249.61,0.0167
2024-01-31,Logistics,159,1104.73,0.0126
2024-01-31,Operations,150,198.6,0.02
2024-01-31,Risk,160,263.05,0.025
2024-02-01,Compliance,169,634.65,0.0178
2024-02-01,Finance,167,147.49,0.0
2024-02-01,HR,135,996.25,0.0296
2024-02-01,IT,180,211.13,0.0222
2024-02-01,Logistics,155,1483.82,0.0194
2024-02-01,Operations,169,195.15,0.0296
2024-02-01,Risk,145,306.63,0.0276
2024-02-02,Compliance,164,511.75,0.0122
2024-02-02,Finance,156,145.07,0.0192
2024-02-02,HR,166,542.65,0.0181
2024-02-02,IT,149,192.26,0.0201
2024-02-02,Logistics,168,1301.11,0.0119
2024-02-02,Operations,144,152.95,0.0278
2024-02-02,Risk,136,205.41,0.0368
2024-02-03,Compliance,49,619.58,0.0204
2024-02-03,Finance,56,175.4,0.0179
2024-02-03,HR,53,774.12,0.0189
2024-02-03,IT,59,275.36,0.0339
2024-02-03,Logistics,60,924.72,0.0167
2024-02-03,Operations,52,201.98,0.0769
2024-02-03,Risk,50,164.74,0.02
2024-02-04,Compliance,53,493.34,0.0
2024-02-04,Finance,51,174.98,0.0392
2024-02-04,HR,55,981.85,0.0182
2024-02-04,IT,58,306.37,0.0
2024-02-04,Logistics,57,1264.37,0.0526
2024-02-04,Operations,52,218.29,0.0385
2024-02-04,Risk,55,305.24,0.0182
2024-02-05,Compliance,173,455.32,0.0173
2024-02-05,Finance,171,157.24,0.0409
2024-02-05,HR,141,906.59,0.0213
2024-02-05,IT,167,227.61,0.006
2024-02-05,Logistics,152,1349.6,0.0395
2024-02-05,Operations,165,301.81,0.0061
2024-02-05,Risk,162,231.2,0.0247
2024-02-06,Compliance,146,410.41,0.0205
2024-02-06,Finance,152,161.19,0.0329
2024-02-06,HR,156,649.38,0.0256
2024-02-06,IT,157,189.45,0.0064
2024-02-06,Logistics,160,1384.7,0.025
2024-02-06,Operations,161,155.82,0.0311
2024-02-06,Risk,192,262.54,0.0208
2024-02-07,Compliance,161,529.32,0.0186
2024-02-07,Finance,149,192.36,0.0
2024-02-07,HR,159,1162.54,0.0189
2024-02-07,IT,165,219.35,0.0121
2024-02-07,Logistics,161,1231.04,0.0124
2024-02-07,Operations,172,265.42,0.0291
2024-02-07,Risk,181,171.7,0.0055
2024-02-08,Compliance,152,470.42,0.0132
2024-02-08,Finance,166,101.9,0.0
2024-02-08,HR,164,609.01,0.0183
2024-02-08,IT,160,442.43,0.0187
2024-02-08,Logistics,184,1657.9,0.0163
2024-02-08,Operations,167,211.25,0.024
2024-02-08,Risk,169,206.04,0.0059
2024-02-09,Compliance,185,464.88,0.0108
2024-02-09,Finance,163,174.91,0.0307
2024-02-09,HR,167,1153.05,0.018
2024-02-09,IT,183,212.86,0.0219
2024-02-09,Logistics,169,1158.22,0.0473
2024-02-09,Operations,181,531.32,0.0166
2024-02-09,Risk,174,274.18,0.023
2024-02-10,Compliance,47,371.81,0.0213
2024-02-10,Finance,47,159.03,0.0213
2024-02-10,HR,58,1011.34,0.0172
2024-02-10,IT,41,180.95,0.0732
2024-02-10,Logistics,50,1071.55,0.04
2024-02-10,Operations,57,225.82,0.0
2024-02-10,Risk,52,296.59,0.0192
2024-02-11,Compliance,54,531.98,0.0185
2024-02-11,Finance,54,169.14,0.0741
2024-02-11,HR,53,692.04,0.0189
2024-02-11,IT,57,170.34,0.0351
2024-02-11,Logistics,58,970.49,0.0517
2024-02-11,Operations,50,180.02,0.0
2024-02-11,Risk,52,220.83,0.0577
2024-02-12,Compliance,157,475.18,0.0318
2024-02-12,Finance,180,278.08,0.0167
2024-02-12,HR,195,999.7,0.0359
2024-02-12,IT,186,186.51,0.0215
2024-02-12,Logistics,179,1043.96,0.0168
2024-02-12,Operations,187,215.33,0.0214
2024-02-12,Risk,174,326.11,0.0287
2024-02-13,Compliance,153,635.88,0.0261
2024-02-13,Finance,171,93.84,0.0058
2024-02-13,HR,166,2037.96,0.0181
2024-02-13,IT,154,235.82,0.0065
2024-02-13,Logistics,167,980.83,0.012
2024-02-13,Operations,150,285.84,0.04
2024-02-13,Risk,164,311.72,0.0
2024-02-14,Compliance,178,486.22,0.0112
2024-02-14,Finance,139,191.5,0.0144
2024-02-14,HR,176,896.83,0.0227
2024-02-14,IT,169,211.82,0.0237
2024-02-14,Logistics,150,1033.84,0.02
2024-02-14,Operations,163,222.81,0.0245
2024-02-14,Risk,169,796.9,0.0355
2024-02-15,Compliance,166,571.16,0.0301
2024-02-15,Finance,156,120.94,0.0256
2024-02-15,HR,161,1347.04,0.0248
2024-02-15,IT,168,174.62,0.0119
2024-02-15,Logistics,155,994.46,0.0452
2024-02-15,Operations,148,240.06,0.0135
2024-02-15,Risk,158,204.52,0.019
2024-02-16,Compliance,167,406.88,0.018
2024-02-16,Finance,156,170.78,0.0256
2024-02-16,HR,164,840.83,0.0
2024-02-16,IT,151,263.4,0.0199
2024-02-16,Logistics,184,1280.07,0.0054
2024-02-16,Operations,137,132.62,0.0146
2024-02-16,Risk,168,316.5,0.0238
2024-02-17,Compliance,55,555.78,0.0364
2024-02-17,Finance,52,161.07,0.0
2024-02-17,HR,50,1078.96,0.04
2024-02-17,IT,60,216.83,0.0833
2024-02-17,Logistics,57,1072.9,0.0175
2024-02-17,Operations,56,209.89,0.0179
2024-02-17,Risk,51,264.46,0.0196
2024-02-18,Compliance,61,433.59,0.0164
2024-02-18,Finance,52,196.13,0.0
2024-02-18,HR,55,1115.75,0.0
2024-02-18,IT,53,261.38,0.0
2024-02-18,Logistics,50,1111.72,0.04
2024-02-18,Operations,58,407.72,0.0
2024-02-18,Risk,56,298.1,0.0
2024-02-19,Compliance,170,479.73,0.0235
2024-02-19,Finance,183,157.89,0.0383
2024-02-19,HR,183,893.01,0.0055
2024-02-19,IT,183,207.89,0.0109
2024-02-19,Logistics,169,997.51,0.0414
2024-02-19,Operations,161,172.97,0.0124
2024-02-19,Risk,175,239.09,0.0286
2024-02-20,Compliance,181,509.29,0.0387
2024-02-20,Finance,177,148.54,0.0056
2024-02-20,HR,165,450.03,0.0364
2024-02-20,IT,169,357.38,0.0118
2024-02-20,Logistics,194,921.53,0.0103
2024-02-20,Operations,168,222.75,0.0119
2024-02-20,Risk,189,219.57,0.0212
2024-02-21,Compliance,152,337.36,0.0132
2024-02-21,Finance,189,188.18,0.0159
2024-02-21,HR,162,1054.56,0.0123
2024-02-21,IT,178,197.05,0.0225
2024-02-21,Logistics,175,1433.04,0.0171
2024-02-21,Operations,184,269.77,0.0109
2024-02-21,Risk,157,106.73,0.0191
2024-02-22,Compliance,139,962.05,0.0216
2024-02-22,Finance,169,170.45,0.0178
2024-02-22,HR,169,882.45,0.0178
2024-02-22,IT,148,228.07,0.0203
2024-02-22,Logistics,161,1190.96,0.0248
2024-02-22,Operations,161,203.35,0.0124
2024-02-22,Risk,172,237.75,0.0116
2024-02-23,Compliance,165,429.53,0.0364
2024-02-23,Finance,159,145.04,0.0126
2024-02-23,HR,185,1046.66,0.027
2024-02-23,IT,145,160.28,0.0276
2024-02-23,Logistics,159,1383.25,0.0252
2024-02-23,Operations,173,194.5,0.0058
2024-02-23,Risk,153,320.52,0.0196
2024-02-24,Compliance,49,703.45,0.0612
2024-02-24,Finance,59,144.14,0.0169
2024-02-24,HR,53,869.16,0.0189
2024-02-24,IT,57,189.03,0.0175
2024-02-24,Logistics,58,1117.15,0.0345
2024-02-24,Operations,50,242.6,0.02
2024-02-24,Risk,55,150.71,0.0182
2024-02-25,Compliance,54,346.34,0.0185
2024-02-25,Finance,54,165.33,0.0185
2024-02-25,HR,59,813.84,0.0339
2024-02-25,IT,53,284.91,0.0377
2024-02-25,Logistics,52,1193.8,0.0385
2024-02-25,Operations,56,201.99,0.0
2024-02-25,Risk,57,278.74,0.0351
2024-02-26,Compliance,170,462.06,0.0059
2024-02-26,Finance,160,154.21,0.025
2024-02-26,HR,188,732.3,0.0053
2024-02-26,IT,195,242.09,0.0154
2024-02-26,Logistics,154,890.87,0.026
2024-02-26,Operations,167,301.28,0.006
2024-02-26,Risk,162,265.96,0.0185
2024-02-27,Compliance,173,390.01,0.0116
2024-02-27,Finance,164,169.3,0.0122
2024-02-27,HR,175,631.27,0.0457
2024-02-27,IT,186,202.67,0.0215
2024-02-27,Logistics,171,1324.51,0.0351
2024-02-27,Operations,167,295.28,0.006
2024-02-27,Risk,167,271.05,0.024
2024-02-28,Compliance,161,366.98,0.0186
2024-02-28,Finance,149,95.56,0.0201
2024-02-28,HR,170,862.15,0.0235
2024-02-28,IT,144,202.61,0.0278
2024-02-28,Logistics,149,1165.85,0.0134
2024-02-28,Operations,182,226.98,0.0165
2024-02-28,Risk,160,213.87,0.025
2024-02-29,Compliance,174,406.25,0.0057
2024-02-29,Finance,157,350.75,0.0127
2024-02-29,HR,177,1129.45,0.0169
2024-02-29,IT,188,145.03,0.016
2024-02-29,Logistics,175,1383.43,0.0171
2024-02-29,Operations,159,192.07,0.0126
2024-02-29,Risk,162,401.25,0.0062
2024-03-01,Compliance,156,593.65,0.0128
2024-03-01,Finance,185,178.81,0.0324
2024-03-01,HR,174,1029.78,0.0057
2024-03-01,IT,164,525.64,0.0183
2024-03-01,Logistics,183,1424.95,0.0219
2024-03-01,Operations,170,184.07,0.0235
2024-03-01,Risk,178,212.45,0.0056
2024-03-02,Compliance,56,587.38,0.0
2024-03-02,Finance,59,145.71,0.0
2024-03-02,HR,55,1124.88,0.0182
2024-03-02,IT,56,219.67,0.0179
2024-03-02,Logistics,52,984.49,0.0577
2024-03-02,Operations,60,212.13,0.0333
2024-03-02,Risk,49,182.9,0.0204
2024-03-03,Compliance,56,448.92,0.0179
2024-03-03,Finance,51,154.48,0.0
2024-03-03,HR,56,759.08,0.0536
2024-03-03,IT,58,320.62,0.0
2024-03-03,Logistics,59,913.8,0.0339
2024-03-03,Operations,54,380.9,0.037
2024-03-03,Risk,53,372.77,0.0377
2024-03-04,Compliance,165,380.72,0.0
2024-03-04,Finance,193,95.21,0.0155
2024-03-04,HR,169,674.83,0.0118
2024-03-04,IT,174,200.55,0.0287
2024-03-04,Logistics,167,1720.09,0.006
2024-03-04,Operations,196,267.7,0.0255
2024-03-04,Risk,160,256.47,0.0063
2024-03-05,Compliance,176,638.13,0.0227
2024-03-05,Finance,176,112.77,0.017
2024-03-05,HR,152,1238.71,0.0263
2024-03-05,IT,156,247.44,0.0128
2024-03-05,Logistics,157,1413.47,0.0318
2024-03-05,Operations,169,160.53,0.0118
2024-03-05,Risk,157,205.54,0.0191
2024-03-06,Compliance,184,644.06,0.0217
2024-03-06,Finance,167,152.94,0.012
2024-03-06,HR,167,641.94,0.012
2024-03-06,IT,172,217.37,0.0291
2024-03-06,Logistics,163,909.08,0.0061
2024-03-06,Operations,177,144.86,0.0113
2024-03-06,Risk,156,325.58,0.0321
2024-03-07,Compliance,154,361.35,0.0065
2024-03-07,Finance,175,206.58,0.0343
2024-03-07,HR,179,940.41,0.0112
2024-03-07,IT,172,157.49,0.0116
2024-03-07,Logistics,159,1572.49,0.0252
2024-03-07,Operations,186,211.82,0.0269
2024-03-07,Risk,187,171.64,0.016
2024-03-08,Compliance,152,436.28,0.0263
2024-03-08,Finance,181,154.11,0.0166
2024-03-08,HR,157,983.08,0.0064
2024-03-08,IT,185,156.73,0.0162
2024-03-08,Logistics,178,868.49,0.0169
2024-03-08,Operations,169,199.66,0.0059
2024-03-08,Risk,181,277.57,0.0166
2024-03-09,Compliance,57,691.85,0.0
2024-03-09,Finance,61,127.66,0.0328
2024-03-09,HR,54,1317.69,0.0
2024-03-09,IT,60,210.88,0.0167
2024-03-09,Logistics,60,864.91,0.0
2024-03-09,Operations,54,175.45,0.0185
2024-03-09,Risk,64,262.78,0.0313
2024-03-10,Compliance,59,577.69,0.0339
2024-03-10,Finance,51,174.68,0.0
2024-03-10,HR,55,813.57,0.0
2024-03-10,IT,61,220.18,0.0492
2024-03-10,Logistics,57,935.58,0.0351
2024-03-10,Operations,58,352.32,0.0172
2024-03-10,Risk,55,165.62,0.0182
2024-03-11,Compliance,174,538.37,0.0287
2024-03-11,Finance,171,153.95,0.0117
2024-03-11,HR,183,810.27,0.0219
2024-03-11,IT,173,208.88,0.0116
2024-03-11,Logistics,170,859.42,0.0294
2024-03-11,Operations,161,203.64,0.0124
2024-03-11,Risk,170,213.8,0.0412
2024-03-12,Compliance,158,638.41,0.0253
2024-03-12,Finance,188,137.66,0.0213
2024-03-12,HR,176,666.96,0.0227
2024-03-12,IT,187,285.47,0.0321
2024-03-12,Logistics,162,1043.81,0.0185
2024-03-12,Operations,176,218.21,0.017
2024-03-12,Risk,167,292.01,0.012
2024-03-13,Compliance,165,413.87,0.0182
2024-03-13,Finance,142,127.42,0.0141
2024-03-13,HR,155,776.16,0.0194
2024-03-13,IT,185,258.39,0.0324
2024-03-13,Logistics,171,732.08,0.0117
2024-03-13,Operations,179,231.92,0.0279
2024-03-13,Risk,184,217.45,0.0054
2024-03-14,Compliance,186,585.22,0.0054
2024-03-14,Finance,181,144.36,0.0276
2024-03-14,HR,199,1112.85,0.0251
2024-03-14,IT,183,180.0,0.0109
2024-03-14,Logistics,188,1219.19,0.0213
2024-03-14,Operations,179,182.71,0.0223
2024-03-14,Risk,174,306.1,0.0172
2024-03-15,Compliance,172,301.88,0.0116
2024-03-15,Finance,165,223.32,0.0
2024-03-15,HR,165,1204.37,0.0061
2024-03-15,IT,156,232.56,0.0
2024-03-15,Logistics,166,1493.06,0.0241
2024-03-15,Operations,165,220.52,0.0182
2024-03-15,Risk,170,306.6,0.0176
2024-03-16,Compliance,59,347.85,0.0169
2024-03-16,Finance,51,130.37,0.0196
2024-03-16,HR,53,1260.66,0.0189
2024-03-16,IT,61,293.74,0.0
2024-03-16,Logistics,53,1299.9,0.0377
2024-03-16,Operations,49,177.46,0.0
2024-03-16,Risk,53,230.0,0.0189
2024-03-17,Compliance,50,636.45,0.04
2024-03-17,Finance,56,288.57,0.0179
2024-03-17,HR,54,967.59,0.0185
2024-03-17,IT,54,253.98,0.037
2024-03-17,Logistics,58,1190.5,0.0345
2024-03-17,Operations,59,201.37,0.0508
2024-03-17,Risk,57,232.39,0.0351
2024-03-18,Compliance,198,457.07,0.0202
2024-03-18,Finance,176,145.26,0.017
2024-03-18,HR,196,782.85,0.0153
2024-03-18,IT,181,192.51,0.0221
2024-03-18,Logistics,146,765.24,0.0137
2024-03-18,Operations,192,170.82,0.0156
2024-03-18,Risk,150,217.01,0.0267
2024-03-19,Compliance,160,461.29,0.0187
2024-03-19,Finance,177,144.85,0.0056
2024-03-19,HR,161,1091.67,0.0
2024-03-19,IT,167,141.62,0.0299
2024-03-19,Logistics,180,1497.74,0.0222
2024-03-19,Operations,178,194.79,0.0112
2024-03-19,Risk,172,258.71,0.0174
2024-03-20,Compliance,164,554.11,0.0183
2024-03-20,Finance,202,226.61,0.0198
2024-03-20,HR,166,1695.82,0.0361
2024-03-20,IT,179,254.82,0.0168
2024-03-20,Logistics,159,1544.15,0.0063
2024-03-20,Operations,186,205.0,0.0161
2024-03-20,Risk,161,363.28,0.0124
2024-03-21,Compliance,178,505.02,0.0056
2024-03-21,Finance,182,163.62,0.0165
2024-03-21,HR,184,625.28,0.0326
2024-03-21,IT,172,228.75,0.0174
2024-03-21,Logistics,178,1309.39,0.0281
2024-03-21,Operations,190,299.02,0.0263
2024-03-21,Risk,172,193.1,0.0291
2024-03-22,Compliance,166,573.98,0.006
2024-03-22,Finance,166,112.55,0.006
2024-03-22,HR,168,1062.91,0.0298
2024-03-22,IT,174,250.01,0.0345
2024-03-22,Logistics,164,817.48,0.0122
2024-03-22,Operations,197,153.88,0.0254
2024-03-22,Risk,152,218.75,0.0197
2024-03-23,Compliance,51,450.67,0.0196
2024-03-23,Finance,68,194.43,0.0294
2024-03-23,HR,53,1005.79,0.0189
2024-03-23,IT,50,193.44,0.0
2024-03-23,Logistics,52,898.17,0.0
2024-03-23,Operations,53,151.46,0.0377
2024-03-23,Risk,57,291.25,0.0351
2024-03-24,Compliance,53,638.45,0.0189
2024-03-24,Finance,54,198.32,0.037
2024-03-24,HR,59,662.83,0.0
2024-03-24,IT,54,231.11,0.0556
2024-03-24,Logistics,52,932.03,0.0
2024-03-24,Operations,53,226.74,0.0
2024-03-24,Risk,53,425.01,0.0189
2024-03-25,Compliance,178,483.16,0.0169
2024-03-25,Finance,191,180.17,0.0052
2024-03-25,HR,155,1263.7,0.0323
2024-03-25,IT,166,235.67,0.0241
2024-03-25,Logistics,183,1236.21,0.0273
2024-03-25,Operations,191,247.98,0.0052
2024-03-25,Risk,172,248.53,0.0233
2024-03-26,Compliance,175,523.0,0.0286
2024-03-26,Finance,162,193.64,0.0123
2024-03-26,HR,166,1012.12,0.0241
2024-03-26,IT,159,212.17,0.0189
2024-03-26,Logistics,157,1102.97,0.051
2024-03-26,Operations,164,201.81,0.0122
2024-03-26,Risk,167,193.93,0.018
2024-03-27,Compliance,165,524.16,0.0061
2024-03-27,Finance,187,133.28,0.0267
2024-03-27,HR,166,1038.7,0.006
2024-03-27,IT,166,290.08,0.012
2024-03-27,Logistics,158,1435.69,0.0316
2024-03-27,Operations,179,224.05,0.0391
2024-03-27,Risk,172,257.01,0.0116
2024-03-28,Compliance,178,522.14,0.0169
2024-03-28,Finance,189,282.72,0.037
2024-03-28,HR,166,823.57,0.0241
2024-03-28,IT,164,264.93,0.0183
2024-03-28,Logistics,179,1210.03,0.0056
2024-03-28,Operations,191,200.35,0.0157
2024-03-28,Risk,158,297.83,0.0316
2024-03-29,Compliance,180,296.27,0.0278
2024-03-29,Finance,178,159.54,0.0112
2024-03-29,HR,183,942.75,0.0164
2024-03-29,IT,174,438.23,0.0057
2024-03-29,Logistics,197,1256.21,0.0203
2024-03-29,Operations,199,139.8,0.0151
2024-03-29,Risk,168,221.31,0.0238
2024-03-30,Compliance,62,509.4,0.0484
2024-03-30,Finance,60,156.09,0.0
2024-03-30,HR,55,1064.67,0.0727
2024-03-30,IT,54,188.22,0.0185
2024-03-30,Logistics,58,1461.94,0.0345
2024-03-30,Operations,60,304.83,0.0667
2024-03-30,Risk,50,286.72,0.02
2024-03-31,Compliance,59,642.35,0.0
2024-03-31,Finance,52,158.95,0.0192
2024-03-31,HR,50,850.39,0.0
2024-03-31,IT,59,246.41,0.0169
2024-03-31,Logistics,63,1351.62,0.0159
2024-03-31,Operations,57,235.94,0.0175
2024-03-31,Risk,53,253.19,0.0377
2024-04-01,Compliance,157,688.64,0.0255
2024-04-01,Finance,193,178.4,0.0311
2024-04-01,HR,158,612.92,0.0316
2024-04-01,IT,172,234.89,0.0291
2024-04-01,Logistics,158,1306.8,0.0316
2024-04-01,Operations,183,222.21,0.0219
2024-04-01,Risk,166,237.28,0.012
2024-04-02,Compliance,164,496.69,0.0061
2024-04-02,Finance,166,133.8,0.0361
2024-04-02,HR,160,941.25,0.0187
2024-04-02,IT,176,305.08,0.017
2024-04-02,Logistics,184,1191.43,0.0109
2024-04-02,Operations,172,224.33,0.0174
2024-04-02,Risk,164,246.78,0.0183
2024-04-03,Compliance,186,447.32,0.0161
2024-04-03,Finance,193,198.99,0.0207
2024-04-03,HR,175,520.94,0.0229
2024-04-03,IT,186,229.89,0.0161
2024-04-03,Logistics,177,1423.43,0.0169
2024-04-03,Operations,186,207.6,0.0161
2024-04-03,Risk,163,309.79,0.0184
2024-04-04,Compliance,190,422.66,0.0316
2024-04-04,Finance,180,148.13,0.0111
2024-04-04,HR,161,1120.32,0.0124
2024-04-04,IT,168,153.54,0.0238
2024-04-04,Logistics,171,1906.47,0.0234
2024-04-04,Operations,182,224.03,0.0275
2024-04-04,Risk,188,247.25,0.0213
2024-04-05,Compliance,164,921.78,0.0061
2024-04-05,Finance,168,106.11,0.006
2024-04-05,HR,177,747.03,0.0226
2024-04-05,IT,186,236.75,0.0376
2024-04-05,Logistics,182,1219.23,0.0165
2024-04-05,Operations,200,172.08,0.01
2024-04-05,Risk,168,230.05,0.0179
2024-04-06,Compliance,57,578.27,0.0175
2024-04-06,Finance,51,143.86,0.098
2024-04-06,HR,52,689.77,0.0577
2024-04-06,IT,55,189.22,0.0545
2024-04-06,Logistics,51,1178.15,0.0392
2024-04-06,Operations,61,212.99,0.0656
2024-04-06,Risk,57,243.27,0.0175
2024-04-07,Compliance,59,342.72,0.0169
2024-04-07,Finance,53,142.49,0.0755
2024-04-07,HR,62,490.35,0.0161
2024-04-07,IT,56,227.99,0.0179
2024-04-07,Logistics,55,1248.78,0.0182
2024-04-07,Operations,54,249.66,0.0
2024-04-07,Risk,59,219.51,0.0508
2024-04-08,Compliance,182,1087.75,0.0165
2024-04-08,Finance,198,289.67,0.0101
2024-04-08,HR,170,525.2,0.0294
2024-04-08,IT,176,221.1,0.0057
2024-04-08,Logistics,182,1233.47,0.0055
2024-04-08,Operations,159,200.04,0.0063
2024-04-08,Risk,153,185.27,0.0196
2024-04-09,Compliance,169,716.32,0.0237
2024-04-09,Finance,191,153.16,0.0314
2024-04-09,HR,176,970.27,0.0284
2024-04-09,IT,179,208.84,0.0
2024-04-09,Logistics,167,1357.34,0.018
2024-04-09,Operations,165,211.82,0.0242
2024-04-09,Risk,224,230.06,0.0045
2024-04-10,Compliance,161,462.07,0.0186
2024-04-10,Finance,186,111.25,0.0323
2024-04-10,HR,156,917.72,0.0064
2024-04-10,IT,191,164.17,0.0262
2024-04-10,Logistics,174,989.42,0.0115
2024-04-10,Operations,157,233.31,0.0191
2024-04-10,Risk,163,322.0,0.0184
2024-04-11,Compliance,182,658.8,0.044
2024-04-11,Finance,151,144.53,0.0132
2024-04-11,HR,172,667.14,0.0291
2024-04-11,IT,137,232.67,0.0146
2024-04-11,Logistics,166,1034.65,0.0361
2024-04-11,Operations,167,284.76,0.012
2024-04-11,Risk,183,275.13,0.0219
2024-04-12,Compliance,160,673.13,0.0063
2024-04-12,Finance,161,155.7,0.0186
2024-04-12,HR,192,1003.48,0.026
2024-04-12,IT,163,233.17,0.0184
2024-04-12,Logistics,159,883.19,0.0314
2024-04-12,Operations,182,357.27,0.0
2024-04-12,Risk,157,262.65,0.0191
2024-04-13,Compliance,54,653.89,0.0741
2024-04-13,Finance,52,147.96,0.0385
2024-04-13,HR,57,1263.02,0.0175
2024-04-13,IT,58,225.45,0.0172
2024-04-13,Logistics,51,1242.25,0.0392
2024-04-13,Operations,62,167.92,0.0323
2024-04-13,Risk,55,302.14,0.0182
2024-04-14,Compliance,58,565.08,0.0345
2024-04-14,Finance,61,136.77,0.0492
2024-04-14,HR,58,865.48,0.0172
2024-04-14,IT,52,321.05,0.0192
2024-04-14,Logistics,60,771.37,0.0167
2024-04-14,Operations,50,224.37,0.04
2024-04-14,Risk,62,180.58,0.0161
2024-04-15,Compliance,179,528.6,0.0335
2024-04-15,Finance,152,162.07,0.0197
2024-04-15,HR,186,998.07,0.0108
2024-04-15,IT,168,253.06,0.0119
2024-04-15,Logistics,161,1799.52,0.0186
2024-04-15,Operations,157,188.61,0.0191
2024-04-15,Risk,165,274.72,0.0121
2024-04-16,Compliance,179,491.14,0.0112
2024-04-16,Finance,181,162.33,0.0055
2024-04-16,HR,184,830.53,0.0109
2024-04-16,IT,179,248.28,0.0223
2024-04-16,Logistics,184,908.1,0.038
2024-04-16,Operations,186,225.45,0.0161
2024-04-16,Risk,156,357.06,0.0449
2024-04-17,Compliance,162,563.25,0.0123
2024-04-17,Finance,148,146.95,0.0203
2024-04-17,HR,160,750.99,0.0063
2024-04-17,IT,172,183.82,0.0116
2024-04-17,Logistics,147,1514.48,0.0204
2024-04-17,Operations,155,188.79,0.0387
2024-04-17,Risk,158,262.79,0.038
2024-04-18,Compliance,173,453.83,0.0173
2024-04-18,Finance,169,188.6,0.0237
2024-04-18,HR,159,1126.68,0.0189
2024-04-18,IT,174,267.99,0.0057
2024-04-18,Logistics,153,1294.23,0.0065
2024-04-18,Operations,165,233.74,0.0364
2024-04-18,Risk,156,297.57,0.0128
2024-04-19,Compliance,171,357.73,0.0234
2024-04-19,Finance,162,189.48,0.0123
2024-04-19,HR,162,1040.79,0.037
2024-04-19,IT,164,273.29,0.0122
2024-04-19,Logistics,166,916.89,0.0361
2024-04-19,Operations,182,217.56,0.011
2024-04-19,Risk,166,239.5,0.012
2024-04-20,Compliance,56,727.62,0.0536
2024-04-20,Finance,50,153.2,0.0
2024-04-20,HR,52,958.34,0.0577
2024-04-20,IT,59,177.62,0.0169
2024-04-20,Logistics,63,753.24,0.0476
2024-04-20,Operations,49,168.4,0.0
2024-04-20,Risk,55,204.55,0.0182
2024-04-21,Compliance,50,451.55,0.0
2024-04-21,Finance,51,126.02,0.0196
2024-04-21,HR,47,661.7,0.0426
2024-04-21,IT,55,227.11,0.0
2024-04-21,Logistics,56,1040.79,0.0714
2024-04-21,Operations,56,125.28,0.0179
2024-04-21,Risk,66,259.41,0.0
2024-04-22,Compliance,146,396.84,0.0137
2024-04-22,Finance,173,192.29,0.0347
2024-04-22,HR,153,1224.25,0.0131
2024-04-22,IT,162,209.82,0.0185
2024-04-22,Logistics,159,1010.42,0.0
2024-04-22,Operations,170,247.76,0.0118
2024-04-22,Risk,186,222.83,0.0215
2024-04-23,Compliance,152,406.38,0.0329
2024-04-23,Finance,150,136.79,0.0333
2024-04-23,HR,187,969.0,0.0214
2024-04-23,IT,161,198.85,0.0
2024-04-23,Logistics,163,1483.91,0.0123
2024-04-23,Operations,162,206.25,0.0247
2024-04-23,Risk,174,315.73,0.0287
2024-04-24,Compliance,166,518.54,0.0181
2024-04-24,Finance,173,160.77,0.0173
2024-04-24,HR,179,474.27,0.0279
2024-04-24,IT,177,197.88,0.0113
2024-04-24,Logistics,172,898.39,0.0291
2024-04-24,Operations,161,168.41,0.0311
2024-04-24,Risk,185,245.8,0.0054
2024-04-25,Compliance,161,490.53,0.0248
2024-04-25,Finance,186,146.93,0.0269
2024-04-25,HR,181,738.43,0.0221
2024-04-25,IT,177,173.06,0.0056
2024-04-25,Logistics,166,1200.65,0.0301
2024-04-25,Operations,185,219.63,0.0162
2024-04-25,Risk,148,286.24,0.027
2024-04-26,Compliance,176,233.09,0.0227
2024-04-26,Finance,193,140.9,0.0104
2024-04-26,HR,167,456.42,0.024
2024-04-26,IT,166,210.15,0.0181
2024-04-26,Logistics,152,451.53,0.0066
2024-04-26,Operations,179,146.67,0.0168
2024-04-26,Risk,178,231.58,0.0056
2024-04-27,Compliance,53,430.9,0.0189
2024-04-27,Finance,65,185.09,0.0154
2024-04-27,HR,58,750.68,0.0172
2024-04-27,IT,56,221.01,0.0536
2024-04-27,Logistics,48,1352.45,0.0417
2024-04-27,Operations,57,316.24,0.0351
2024-04-27,Risk,63,249.42,0.0476
2024-04-28,Compliance,54,636.7,0.0
2024-04-28,Finance,56,132.08,0.0536
2024-04-28,HR,61,934.95,0.0492
2024-04-28,IT,50,208.89,0.0
2024-04-28,Logistics,51,1233.31,0.0392
2024-04-28,Operations,51,188.37,0.098
2024-04-28,Risk,56,219.54,0.0179
2024-04-29,Compliance,184,607.85,0.0
2024-04-29,Finance,199,136.97,0.0352
2024-04-29,HR,206,761.76,0.0194
2024-04-29,IT,144,191.35,0.0139
2024-04-29,Logistics,167,1056.65,0.0599
2024-04-29,Operations,175,216.03,0.0171
2024-04-29,Risk,175,238.51,0.0343
2024-04-30,Compliance,173,429.69,0.0116
2024-04-30,Finance,175,151.91,0.0229
2024-04-30,HR,173,1111.46,0.0058
2024-04-30,IT,159,166.16,0.0314
2024-04-30,Logistics,176,1080.33,0.017
2024-04-30,Operations,169,174.74,0.0296
2024-04-30,Risk,192,238.76,0.0313
2024-05-01,Compliance,159,524.02,0.0377
2024-05-01,Finance,173,196.16,0.0058
2024-05-01,HR,179,780.91,0.0112
2024-05-01,IT,171,227.33,0.0175
2024-05-01,Logistics,182,1860.65,0.0275
2024-05-01,Operations,175,155.19,0.0171
2024-05-01,Risk,175,244.86,0.0057
2024-05-02,Compliance,157,583.94,0.0382
2024-05-02,Finance,177,120.78,0.0282
2024-05-02,HR,190,1230.41,0.0053
2024-05-02,IT,165,222.49,0.0061
2024-05-02,Logistics,152,1459.72,0.0132
2024-05-02,Operations,190,253.38,0.0158
2024-05-02,Risk,148,242.24,0.0
2024-05-03,Compliance,167,594.2,0.018
2024-05-03,Finance,170,209.03,0.0118
2024-05-03,HR,187,1168.66,0.0267
2024-05-03,IT,160,204.46,0.025
2024-05-03,Logistics,151,1131.01,0.0331
2024-05-03,Operations,160,201.3,0.0437
2024-05-03,Risk,154,238.5,0.0065
2024-05-04,Compliance,50,537.67,0.04
2024-05-04,Finance,57,144.9,0.0
2024-05-04,HR,58,929.2,0.0
2024-05-04,IT,57,320.21,0.0
2024-05-04,Logistics,59,827.8,0.0
2024-05-04,Operations,63,191.01,0.0159
2024-05-04,Risk,56,185.11,0.0179
2024-05-05,Compliance,57,490.43,0.0526
2024-05-05,Finance,60,163.45,0.0333
2024-05-05,HR,58,958.65,0.0172
2024-05-05,IT,53,259.71,0.0189
2024-05-05,Logistics,54,1285.01,0.0185
2024-05-05,Operations,63,212.41,0.0159
2024-05-05,Risk,53,238.46,0.0377
2024-05-06,Compliance,174,914.97,0.0115
2024-05-06,Finance,159,137.52,0.0314
2024-05-06,HR,157,1291.42,0.0064
2024-05-06,IT,154,200.11,0.013
2024-05-06,Logistics,175,1815.29,0.0343
2024-05-06,Operations,167,186.13,0.018
2024-05-06,Risk,166,188.27,0.0241
2024-05-07,Compliance,153,798.84,0.0196
2024-05-07,Finance,162,183.34,0.0309
2024-05-07,HR,172,854.7,0.0291
2024-05-07,IT,197,177.07,0.0051
2024-05-07,Logistics,131,1351.01,0.0076
2024-05-07,Operations,174,202.6,0.023
2024-05-07,Risk,177,240.86,0.0169
2024-05-08,Compliance,182,532.16,0.011
2024-05-08,Finance,154,154.75,0.013
2024-05-08,HR,161,714.56,0.0311
2024-05-08,IT,140,244.84,0.0357
2024-05-08,Logistics,195,1197.45,0.0154
2024-05-08,Operations,172,338.84,0.0233
2024-05-08,Risk,174,160.15,0.0287
2024-05-09,Compliance,154,515.61,0.013
2024-05-09,Finance,161,130.23,0.0062
2024-05-09,HR,170,2984.07,0.0059
2024-05-09,IT,168,203.42,0.006
2024-05-09,Logistics,179,1076.99,0.0056
2024-05-09,Operations,162,225.2,0.0247
2024-05-09,Risk,167,331.68,0.0299
2024-05-10,Compliance,181,339.76,0.0331
2024-05-10,Finance,151,140.15,0.0132
2024-05-10,HR,154,368.73,0.0519
2024-05-10,IT,142,205.16,0.007
2024-05-10,Logistics,176,1120.55,0.0114
2024-05-10,Operations,144,198.71,0.0139
2024-05-10,Risk,165,207.84,0.0242
2024-05-11,Compliance,55,664.38,0.0
2024-05-11,Finance,51,199.11,0.0392
2024-05-11,HR,55,896.83,0.0182
2024-05-11,IT,63,242.57,0.0159
2024-05-11,Logistics,52,1482.1,0.0385
2024-05-11,Operations,55,237.63,0.0182
2024-05-11,Risk,63,243.83,0.0317
2024-05-12,Compliance,58,720.63,0.0517
2024-05-12,Finance,58,127.31,0.0517
2024-05-12,HR,54,468.77,0.0
2024-05-12,IT,55,238.53,0.0182
2024-05-12,Logistics,61,1470.24,0.0328
2024-05-12,Operations,56,519.52,0.0179
2024-05-12,Risk,55,250.7,0.0364
2024-05-13,Compliance,170,546.27,0.0353
2024-05-13,Finance,165,135.21,0.0061
2024-05-13,HR,159,1142.78,0.0
2024-05-13,IT,172,203.95,0.0233
2024-05-13,Logistics,159,1051.97,0.0126
2024-05-13,Operations,186,173.55,0.0
2024-05-13,Risk,158,309.33,0.0063
2024-05-14,Compliance,167,584.31,0.018
2024-05-14,Finance,161,185.17,0.0124
2024-05-14,HR,176,1058.75,0.0227
2024-05-14,IT,166,200.12,0.0241
2024-05-14,Logistics,162,1120.79,0.0062
2024-05-14,Operations,185,197.11,0.0108
2024-05-14,Risk,173,211.98,0.0231
2024-05-15,Compliance,176,482.72,0.0227
2024-05-15,Finance,176,149.54,0.0114
2024-05-15,HR,166,622.62,0.012
2024-05-15,IT,146,281.51,0.0137
2024-05-15,Logistics,157,1302.54,0.0191
2024-05-15,Operations,144,194.99,0.0278
2024-05-15,Risk,175,217.84,0.04
2024-05-16,Compliance,189,556.65,0.0423
2024-05-16,Finance,170,203.6,0.0235
2024-05-16,HR,138,705.46,0.0145
2024-05-16,IT,155,220.61,0.0323
2024-05-16,Logistics,164,972.4,0.0122
2024-05-16,Operations,165,202.12,0.0182
2024-05-16,Risk,148,328.52,0.0135
2024-05-17,Compliance,166,628.33,0.0241
2024-05-17,Finance,161,143.08,0.0248
2024-05-17,HR,168,843.37,0.0238
2024-05-17,IT,183,235.71,0.0219
2024-05-17,Logistics,145,1738.27,0.0
2024-05-17,Operations,161,188.27,0.0186
2024-05-17,Risk,188,289.68,0.016
2024-05-18,Compliance,60,533.82,0.0167
2024-05-18,Finance,56,145.71,0.0179
2024-05-18,HR,47,878.61,0.0426
2024-05-18,IT,50,260.68,0.0
2024-05-18,Logistics,60,2314.78,0.05
2024-05-18,Operations,56,152.77,0.0
2024-05-18,Risk,60,217.58,0.0667
2024-05-19,Compliance,56,352.29,0.0536
2024-05-19,Finance,51,171.25,0.0
2024-05-19,HR,52,888.94,0.0385
2024-05-19,IT,57,212.54,0.0526
2024-05-19,Logistics,47,1166.69,0.0426
2024-05-19,Operations,60,213.88,0.0167
2024-05-19,Risk,53,321.85,0.0189
2024-05-20,Compliance,159,521.03,0.0252
2024-05-20,Finance,183,124.63,0.0164
2024-05-20,HR,153,766.2,0.0196
2024-05-20,IT,162,169.29,0.0309
2024-05-20,Logistics,178,1402.12,0.0337
2024-05-20,Operations,182,258.98,0.0275
2024-05-20,Risk,166,280.57,0.012
2024-05-21,Compliance,168,418.69,0.0298
2024-05-21,Finance,144,133.09,0.0069
2024-05-21,HR,155,1194.25,0.0065
2024-05-21,IT,142,238.65,0.0282
2024-05-21,Logistics,166,1302.12,0.0241
2024-05-21,Operations,189,376.65,0.0106
2024-05-21,Risk,169,340.48,0.0237
2024-05-22,Compliance,172,467.83,0.0174
2024-05-22,Finance,149,141.42,0.0201
2024-05-22,HR,153,1272.5,0.0131
2024-05-22,IT,159,243.55,0.0189
2024-05-22,Logistics,160,1176.6,0.0375
2024-05-22,Operations,173,228.44,0.0116
2024-05-22,Risk,149,272.29,0.0268
2024-05-23,Compliance,193,474.58,0.0415
2024-05-23,Finance,153,161.9,0.0065
2024-05-23,HR,170,1660.04,0.0176
2024-05-23,IT,171,210.71,0.0117
2024-05-23,Logistics,154,1431.06,0.0455
2024-05-23,Operations,186,577.49,0.0323
2024-05-23,Risk,155,235.91,0.0258
2024-05-24,Compliance,149,603.76,0.0134
2024-05-24,Finance,164,161.85,0.0305
2024-05-24,HR,170,776.51,0.0235
2024-05-24,IT,170,275.13,0.0294
2024-05-24,Logistics,146,1152.58,0.0342
2024-05-24,Operations,155,347.37,0.0065
2024-05-24,Risk,158,285.02,0.019
2024-05-25,Compliance,52,703.46,0.0
2024-05-25,Finance,52,174.21,0.0192
2024-05-25,HR,54,962.11,0.0556
2024-05-25,IT,56,194.59,0.0536
2024-05-25,Logistics,52,1140.86,0.0577
2024-05-25,Operations,55,201.6,0.0364
2024-05-25,Risk,55,277.92,0.0
2024-05-26,Compliance,55,726.06,0.0182
2024-05-26,Finance,55,138.04,0.0545
2024-05-26,HR,53,893.62,0.0755
2024-05-26,IT,50,209.29,0.06
2024-05-26,Logistics,53,896.5,0.0189
2024-05-26,Operations,50,220.15,0.06
2024-05-26,Risk,57,296.69,0.0702
2024-05-27,Compliance,159,335.26,0.0189
2024-05-27,Finance,160,93.54,0.0125
2024-05-27,HR,160,1172.27,0.025
2024-05-27,IT,171,256.44,0.0234
2024-05-27,Logistics,184,815.57,0.0326
2024-05-27,Operations,152,244.75,0.0132
2024-05-27,Risk,162,330.27,0.0123
2024-05-28,Compliance,183,420.21,0.0109
2024-05-28,Finance,164,207.02,0.0244
2024-05-28,HR,176,1025.34,0.0057
2024-05-28,IT,159,264.73,0.0126
2024-05-28,Logistics,162,1638.34,0.0309
2024-05-28,Operations,181,244.82,0.0166
2024-05-28,Risk,170,167.64,0.0118
2024-05-29,Compliance,174,602.12,0.0172
2024-05-29,Finance,173,154.6,0.0058
2024-05-29,HR,157,925.22,0.0
2024-05-29,IT,156,206.1,0.0192
2024-05-29,Logistics,179,1229.88,0.0223
2024-05-29,Operations,158,264.74,0.0127
2024-05-29,Risk,177,248.81,0.0226
2024-05-30,Compliance,172,338.15,0.0174
2024-05-30,Finance,172,211.52,0.0174
2024-05-30,HR,151,1004.42,0.0331
2024-05-30,IT,153,239.36,0.0065
2024-05-30,Logistics,170,1132.78,0.0235
2024-05-30,Operations,180,281.5,0.0333
2024-05-30,Risk,156,243.59,0.0192
2024-05-31,Compliance,144,466.89,0.0278
2024-05-31,Finance,167,193.67,0.012
2024-05-31,HR,168,864.32,0.0179
2024-05-31,IT,174,213.67,0.0115
2024-05-31,Logistics,141,1235.12,0.0213
2024-05-31,Operations,150,252.76,0.0333
2024-05-31,Risk,161,317.21,0.0124
2024-06-01,Compliance,53,623.54,0.0566
2024-06-01,Finance,50,147.6,0.0
2024-06-01,HR,64,1279.54,0.0
2024-06-01,IT,47,180.65,0.0
2024-06-01,Logistics,56,1448.11,0.0
2024-06-01,Operations,58,219.06,0.0172
2024-06-01,Risk,54,612.79,0.037
2024-06-02,Compliance,51,514.26,0.0196
2024-06-02,Finance,54,132.55,0.037
2024-06-02,HR,60,884.21,0.0167
2024-06-02,IT,51,209.0,0.0196
2024-06-02,Logistics,57,1014.92,0.0351
2024-06-02,Operations,45,171.08,0.0222
2024-06-02,Risk,54,325.91,0.037
2024-06-03,Compliance,166,807.34,0.0301
2024-06-03,Finance,174,147.52,0.0287
2024-06-03,HR,162,1090.7,0.037
2024-06-03,IT,174,318.19,0.0345
2024-06-03,Logistics,155,1486.88,0.0129
2024-06-03,Operations,154,230.48,0.013
2024-06-03,Risk,177,287.79,0.0282
2024-06-04,Compliance,159,759.68,0.0252
2024-06-04,Finance,153,125.78,0.0327
2024-06-04,HR,165,690.93,0.0121
2024-06-04,IT,163,587.31,0.0307
2024-06-04,Logistics,144,1183.25,0.0208
2024-06-04,Operations,171,182.96,0.0058
2024-06-04,Risk,140,317.63,0.0357
2024-06-05,Compliance,172,415.46,0.0
2024-06-05,Finance,144,126.14,0.0069
2024-06-05,HR,156,741.75,0.0064
2024-06-05,IT,163,212.01,0.0307
2024-06-05,Logistics,163,1085.18,0.0307
2024-06-05,Operations,148,286.7,0.0338
2024-06-05,Risk,161,255.15,0.0124
2024-06-06,Compliance,185,689.63,0.0162
2024-06-06,Finance,158,139.96,0.019
2024-06-06,HR,153,1144.67,0.0261
2024-06-06,IT,183,269.41,0.0055
2024-06-06,Logistics,172,1165.75,0.0174
2024-06-06,Operations,161,206.15,0.0248
2024-06-06,Risk,171,187.15,0.0117
2024-06-07,Compliance,161,566.38,0.0311
2024-06-07,Finance,164,181.7,0.0183
2024-06-07,HR,163,991.49,0.0307
2024-06-07,IT,142,272.47,0.0211
2024-06-07,Logistics,163,1394.7,0.0
2024-06-07,Operations,166,191.19,0.0181
2024-06-07,Risk,157,200.29,0.0318
2024-06-08,Compliance,58,552.52,0.0172
2024-06-08,Finance,56,110.46,0.0179
2024-06-08,HR,51,951.31,0.0196
2024-06-08,IT,53,228.56,0.0377
2024-06-08,Logistics,51,925.94,0.0784
2024-06-08,Operations,53,314.48,0.0566
2024-06-08,Risk,54,293.44,0.0185
2024-06-09,Compliance,53,522.65,0.0566
2024-06-09,Finance,55,189.14,0.0182
2024-06-09,HR,58,1094.76,0.069
2024-06-09,IT,54,162.56,0.0741
2024-06-09,Logistics,58,978.32,0.0172
2024-06-09,Operations,55,190.25,0.0182
2024-06-09,Risk,54,253.19,0.0185
2024-06-10,Compliance,169,589.33,0.0237
2024-06-10,Finance,160,150.23,0.0187
2024-06-10,HR,189,841.54,0.0265
2024-06-10,IT,173,181.32,0.0231
2024-06-10,Logistics,159,1005.4,0.0
2024-06-10,Operations,152,220.15,0.0395
2024-06-10,Risk,157,309.66,0.0127
2024-06-11,Compliance,138,416.64,0.0145
2024-06-11,Finance,166,149.05,0.0361
2024-06-11,HR,180,926.89,0.0111
2024-06-11,IT,153,199.34,0.0327
2024-06-11,Logistics,152,942.42,0.0197
2024-06-11,Operations,156,200.84,0.0128
2024-06-11,Risk,148,299.38,0.0068
2024-06-12,Compliance,165,611.44,0.0182
2024-06-12,Finance,157,183.21,0.0191
2024-06-12,HR,147,918.27,0.0136
2024-06-12,IT,175,220.58,0.0171
2024-06-12,Logistics,149,921.91,0.0134
2024-06-12,Operations,173,230.48,0.0116
2024-06-12,Risk,149,243.05,0.0134
2024-06-13,Compliance,187,1436.04,0.0321
2024-06-13,Finance,173,147.03,0.0116
2024-06-13,HR,173,926.35,0.0058
2024-06-13,IT,150,205.46,0.0133
2024-06-13,Logistics,161,1203.66,0.0062
2024-06-13,Operations,155,220.97,0.0065
2024-06-13,Risk,146,232.68,0.0137
2024-06-14,Compliance,180,478.06,0.0333
2024-06-14,Finance,154,156.67,0.0195
2024-06-14,HR,156,943.58,0.0192
2024-06-14,IT,157,293.53,0.0127
2024-06-14,Logistics,168,1667.66,0.0179
2024-06-14,Operations,152,212.97,0.0329
2024-06-14,Risk,130,351.03,0.0385
2024-06-15,Compliance,50,514.52,0.02
2024-06-15,Finance,48,137.46,0.0
2024-06-15,HR,52,931.34,0.0577
2024-06-15,IT,49,219.11,0.0
2024-06-15,Logistics,49,1053.06,0.0
2024-06-15,Operations,50,228.65,0.04
2024-06-15,Risk,54,405.6,0.0
2024-06-16,Compliance,53,517.98,0.0377
2024-06-16,Finance,54,151.77,0.0556
2024-06-16,HR,60,1237.53,0.0167
2024-06-16,IT,48,188.81,0.0417
2024-06-16,Logistics,49,1063.29,0.0
2024-06-16,Operations,51,155.04,0.0392
2024-06-16,Risk,53,226.18,0.0377
2024-06-17,Compliance,161,498.75,0.0124
2024-06-17,Finance,143,126.18,0.021
2024-06-17,HR,142,2132.94,0.0141
2024-06-17,IT,153,187.36,0.0261
2024-06-17,Logistics,147,992.96,0.034
2024-06-17,Operations,153,165.82,0.0261
2024-06-17,Risk,136,227.64,0.0147
2024-06-18,Compliance,163,518.34,0.0184
2024-06-18,Finance,157,56.9,0.051
2024-06-18,HR,183,1232.18,0.0055
2024-06-18,IT,155,243.21,0.0194
2024-06-18,Logistics,169,1244.22,0.0178
2024-06-18,Operations,139,178.96,0.0072
2024-06-18,Risk,173,262.89,0.0058
2024-06-19,Compliance,151,1016.93,0.0331
2024-06-19,Finance,153,168.55,0.0196
2024-06-19,HR,151,665.05,0.0066
2024-06-19,IT,138,212.41,0.0145
2024-06-19,Logistics,118,854.18,0.0424
2024-06-19,Operations,146,167.91,0.0068
2024-06-19,Risk,172,276.18,0.0233
2024-06-20,Compliance,176,708.52,0.0341
2024-06-20,Finance,152,156.88,0.0197
2024-06-20,HR,146,972.38,0.0137
2024-06-20,IT,174,233.27,0.0057
2024-06-20,Logistics,148,1001.06,0.0068
2024-06-20,Operations,151,236.96,0.0397
2024-06-20,Risk,147,273.77,0.0136
2024-06-21,Compliance,164,360.1,0.0061
2024-06-21,Finance,168,188.12,0.0298
2024-06-21,HR,157,793.77,0.0382
2024-06-21,IT,128,198.02,0.0078
2024-06-21,Logistics,146,1153.91,0.0205
2024-06-21,Operations,150,258.82,0.02
2024-06-21,Risk,137,311.35,0.0219
2024-06-22,Compliance,52,579.03,0.0192
2024-06-22,Finance,45,139.88,0.0444
2024-06-22,HR,52,1071.57,0.0385
2024-06-22,IT,51,271.02,0.0196
2024-06-22,Logistics,48,1281.45,0.0417
2024-06-22,Operations,46,224.37,0.0217
2024-06-22,Risk,50,274.95,0.02
2024-06-23,Compliance,61,332.36,0.0328
2024-06-23,Finance,48,195.84,0.0417
2024-06-23,HR,52,1106.82,0.0192
2024-06-23,IT,47,323.35,0.0213
2024-06-23,Logistics,53,1030.84,0.0189
2024-06-23,Operations,50,203.4,0.02
2024-06-23,Risk,49,295.57,0.0204
2024-06-24,Compliance,144,658.38,0.0
2024-06-24,Finance,140,241.81,0.0071
2024-06-24,HR,158,1145.98,0.0
2024-06-24,IT,144,463.17,0.0278
2024-06-24,Logistics,130,1372.9,0.0154
2024-06-24,Operations,172,188.05,0.0116
2024-06-24,Risk,155,236.32,0.0194
2024-06-25,Compliance,157,430.57,0.0255
2024-06-25,Finance,166,165.33,0.0181
2024-06-25,HR,143,875.35,0.021
2024-06-25,IT,161,214.09,0.0311
2024-06-25,Logistics,155,1237.79,0.0065
2024-06-25,Operations,176,142.94,0.0341
2024-06-25,Risk,149,302.22,0.0268
2024-06-26,Compliance,137,584.85,0.0365
2024-06-26,Finance,154,205.42,0.026
2024-06-26,HR,143,1399.4,0.007
2024-06-26,IT,144,324.16,0.0139
2024-06-26,Logistics,140,884.81,0.0286
2024-06-26,Operations,141,222.45,0.0213
2024-06-26,Risk,177,293.21,0.0056
2024-06-27,Compliance,136,764.84,0.0221
2024-06-27,Finance,156,142.51,0.0321
2024-06-27,HR,144,760.13,0.0208
2024-06-27,IT,153,215.72,0.0261
2024-06-27,Logistics,164,777.66,0.0183
2024-06-27,Operations,143,233.62,0.014
2024-06-27,Risk,150,277.3,0.0067
2024-06-28,Compliance,134,694.17,0.0149
2024-06-28,Finance,136,115.37,0.0441
2024-06-28,HR,154,769.33,0.026
2024-06-28,IT,149,197.69,0.0403
2024-06-28,Logistics,168,1348.7,0.0179
2024-06-28,Operations,179,243.02,0.0335
2024-06-28,Risk,149,657.24,0.0067
2024-06-29,Compliance,43,684.7,0.0233
2024-06-29,Finance,54,145.64,0.037
2024-06-29,HR,53,1136.63,0.0189
2024-06-29,IT,52,255.45,0.0
2024-06-29,Logistics,48,1141.98,0.0208
2024-06-29,Operations,40,190.36,0.1
2024-06-29,Risk,53,258.55,0.0189
2024-06-30,Compliance,49,469.98,0.0408
2024-06-30,Finance,53,146.81,0.0377
2024-06-30,HR,52,1167.22,0.0
2024-06-30,IT,45,230.98,0.0667
2024-06-30,Logistics,46,1197.68,0.0
2024-06-30,Operations,46,260.88,0.0652
2024-06-30,Risk,51,214.88,0.0196
2024-07-01,Compliance,138,528.62,0.0217
2024-07-01,Finance,129,124.68,0.0155
2024-07-01,HR,151,818.22,0.0132
2024-07-01,IT,137,252.83,0.0219
2024-07-01,Logistics,151,1270.57,0.0132
2024-07-01,Operations,155,209.18,0.0258
2024-07-01,Risk,147,305.88,0.0408
2024-07-02,Compliance,163,573.14,0.0
2024-07-02,Finance,133,101.63,0.0301
2024-07-02,HR,143,978.29,0.007
2024-07-02,IT,169,360.85,0.0355
2024-07-02,Logistics,154,1234.79,0.013
2024-07-02,Operations,140,158.74,0.0286
2024-07-02,Risk,139,229.79,0.0144
2024-07-03,Compliance,156,452.44,0.0128
2024-07-03,Finance,133,132.1,0.0226
2024-07-03,HR,162,1100.63,0.0309
2024-07-03,IT,137,236.58,0.0146
2024-07-03,Logistics,165,1065.45,0.0121
2024-07-03,Operations,139,257.97,0.0216
2024-07-03,Risk,152,287.85,0.0329
2024-07-04,Compliance,164,439.86,0.0244
2024-07-04,Finance,160,206.23,0.05
2024-07-04,HR,135,573.33,0.0296
2024-07-04,IT,160,235.86,0.0313
2024-07-04,Logistics,149,1199.55,0.0134
2024-07-04,Operations,164,211.9,0.0
2024-07-04,Risk,155,200.59,0.0065
2024-07-05,Compliance,131,432.71,0.0153
2024-07-05,Finance,163,131.39,0.0
2024-07-05,HR,138,761.38,0.0145
2024-07-05,IT,141,228.45,0.0284
2024-07-05,Logistics,146,1190.23,0.0411
2024-07-05,Operations,153,195.04,0.0131
2024-07-05,Risk,156,218.87,0.0128
2024-07-06,Compliance,46,374.18,0.0652
2024-07-06,Finance,52,167.29,0.0
2024-07-06,HR,42,861.06,0.0476
2024-07-06,IT,51,246.72,0.0196
2024-07-06,Logistics,41,1532.0,0.0488
2024-07-06,Operations,47,261.39,0.0426
2024-07-06,Risk,50,258.34,0.0
2024-07-07,Compliance,47,558.3,0.0213
2024-07-07,Finance,47,166.1,0.0851
2024-07-07,HR,50,1188.69,0.0
2024-07-07,IT,48,240.61,0.0417
2024-07-07,Logistics,56,1354.82,0.0357
2024-07-07,Operations,50,223.69,0.08
2024-07-07,Risk,50,237.61,0.06
2024-07-08,Compliance,139,465.99,0.0072
2024-07-08,Finance,149,156.3,0.0
2024-07-08,HR,150,903.21,0.0267
2024-07-08,IT,136,208.84,0.0221
2024-07-08,Logistics,151,787.3,0.0199
2024-07-08,Operations,155,134.78,0.0258
2024-07-08,Risk,150,251.12,0.02
2024-07-09,Compliance,159,474.42,0.0252
2024-07-09,Finance,120,124.43,0.0083
2024-07-09,HR,148,887.06,0.0068
2024-07-09,IT,160,143.11,0.0375
2024-07-09,Logistics,170,1278.51,0.0118
2024-07-09,Operations,175,187.86,0.0229
2024-07-09,Risk,128,347.32,0.0391
2024-07-10,Compliance,142,547.36,0.007
2024-07-10,Finance,143,136.83,0.021
2024-07-10,HR,159,1196.73,0.0126
2024-07-10,IT,147,421.13,0.0408
2024-07-10,Logistics,154,1287.53,0.0325
2024-07-10,Operations,142,361.93,0.0211
2024-07-10,Risk,153,258.57,0.0131
2024-07-11,Compliance,147,538.58,0.0204
2024-07-11,Finance,147,209.33,0.0204
2024-07-11,HR,183,889.77,0.0328
2024-07-11,IT,140,278.76,0.0429
2024-07-11,Logistics,147,1385.2,0.0
2024-07-11,Operations,156,204.68,0.0192
2024-07-11,Risk,138,221.43,0.0362
2024-07-12,Compliance,117,721.08,0.0256
2024-07-12,Finance,149,180.08,0.0201
2024-07-12,HR,147,674.17,0.0068
2024-07-12,IT,144,205.75,0.0417
2024-07-12,Logistics,156,989.01,0.0256
2024-07-12,Operations,159,228.69,0.0314
2024-07-12,Risk,148,645.69,0.027
2024-07-13,Compliance,47,393.99,0.0426
2024-07-13,Finance,52,275.28,0.0577
2024-07-13,HR,47,1066.53,0.0
2024-07-13,IT,40,253.01,0.025
2024-07-13,Logistics,51,986.45,0.0392
2024-07-13,Operations,52,162.84,0.0192
2024-07-13,Risk,49,316.4,0.0816
2024-07-14,Compliance,46,691.31,0.0652
2024-07-14,Finance,45,110.66,0.0222
2024-07-14,HR,55,856.43,0.0364
2024-07-14,IT,45,211.65,0.0222
2024-07-14,Logistics,42,1450.72,0.0476
2024-07-14,Operations,46,164.15,0.1087
2024-07-14,Risk,46,296.77,0.0435
2024-07-15,Compliance,133,570.44,0.0301
2024-07-15,Finance,142,190.02,0.0282
2024-07-15,HR,154,1239.86,0.0065
2024-07-15,IT,140,214.55,0.0214
2024-07-15,Logistics,128,845.92,0.0469
2024-07-15,Operations,144,196.05,0.0208
2024-07-15,Risk,143,240.91,0.021
2024-07-16,Compliance,156,420.18,0.0385
2024-07-16,Finance,147,131.85,0.0136
2024-07-16,HR,150,896.11,0.0133
2024-07-16,IT,144,213.16,0.0
2024-07-16,Logistics,158,3171.97,0.0316
2024-07-16,Operations,152,209.14,0.0066
2024-07-16,Risk,156,139.07,0.0192
2024-07-17,Compliance,145,468.38,0.0
2024-07-17,Finance,152,123.56,0.0197
2024-07-17,HR,143,891.32,0.007
2024-07-17,IT,157,218.87,0.0127
2024-07-17,Logistics,118,1047.37,0.0169
2024-07-17,Operations,135,181.62,0.0074
2024-07-17,Risk,163,257.72,0.0184
2024-07-18,Compliance,128,494.72,0.0313
2024-07-18,Finance,173,185.44,0.0231
2024-07-18,HR,138,1024.18,0.0217
2024-07-18,IT,117,229.02,0.0085
2024-07-18,Logistics,133,1681.69,0.0075
2024-07-18,Operations,137,193.8,0.0073
2024-07-18,Risk,135,242.23,0.037
2024-07-19,Compliance,144,509.22,0.0139
2024-07-19,Finance,136,152.79,0.0074
2024-07-19,HR,155,694.27,0.0516
2024-07-19,IT,144,333.8,0.0139
2024-07-19,Logistics,151,1185.13,0.0331
2024-07-19,Operations,140,285.05,0.0143
2024-07-19,Risk,150,218.04,0.0333
2024-07-20,Compliance,50,391.58,0.0
2024-07-20,Finance,50,230.16,0.04
2024-07-20,HR,48,1136.92,0.0
2024-07-20,IT,42,209.3,0.0238
2024-07-20,Logistics,43,1008.57,0.0465
2024-07-20,Operations,51,387.26,0.0196
2024-07-20,Risk,47,237.41,0.0
2024-07-21,Compliance,51,252.04,0.0392
2024-07-21,Finance,42,93.85,0.0
2024-07-21,HR,52,771.76,0.0
2024-07-21,IT,45,246.92,0.0444
2024-07-21,Logistics,44,1246.95,0.0455
2024-07-21,Operations,51,180.8,0.0588
2024-07-21,Risk,49,200.15,0.0
2024-07-22,Compliance,149,569.11,0.0134
2024-07-22,Finance,133,164.15,0.0301
2024-07-22,HR,140,844.0,0.0071
2024-07-22,IT,154,233.62,0.0195
2024-07-22,Logistics,131,918.61,0.0
2024-07-22,Operations,143,224.33,0.007
2024-07-22,Risk,134,306.61,0.0149
2024-07-23,Compliance,134,650.96,0.0224
2024-07-23,Finance,134,145.89,0.0149
2024-07-23,HR,130,984.47,0.0308
2024-07-23,IT,150,223.48,0.0267
2024-07-23,Logistics,162,1503.18,0.0123
2024-07-23,Operations,137,183.52,0.0292
2024-07-23,Risk,160,305.67,0.0125
2024-07-24,Compliance,124,511.44,0.0
2024-07-24,Finance,135,133.41,0.0148
2024-07-24,HR,131,745.22,0.0229
2024-07-24,IT,150,258.29,0.0133
2024-07-24,Logistics,159,988.16,0.0126
2024-07-24,Operations,125,293.55,0.016
2024-07-24,Risk,139,261.47,0.0144
2024-07-25,Compliance,134,640.47,0.0224
2024-07-25,Finance,142,127.08,0.0211
2024-07-25,HR,142,886.25,0.007
2024-07-25,IT,153,213.89,0.0131
2024-07-25,Logistics,144,1084.72,0.0139
2024-07-25,Operations,152,388.01,0.0066
2024-07-25,Risk,146,249.8,0.0205
2024-07-26,Compliance,147,247.31,0.0272
2024-07-26,Finance,132,124.75,0.0
2024-07-26,HR,145,965.19,0.0483
2024-07-26,IT,146,315.63,0.0411
2024-07-26,Logistics,165,1058.68,0.0303
2024-07-26,Operations,136,264.65,0.0147
2024-07-26,Risk,163,220.29,0.0245
2024-07-27,Compliance,42,755.52,0.0476
2024-07-27,Finance,50,108.46,0.0
2024-07-27,HR,44,906.41,0.0227
2024-07-27,IT,51,281.79,0.0392
2024-07-27,Logistics,43,1373.44,0.0
2024-07-27,Operations,45,222.43,0.0444
2024-07-27,Risk,43,214.73,0.0465
2024-07-28,Compliance,44,401.14,0.0227
2024-07-28,Finance,45,183.17,0.0667
2024-07-28,HR,50,857.36,0.02
2024-07-28,IT,46,209.98,0.0652
2024-07-28,Logistics,45,1284.46,0.0667
2024-07-28,Operations,46,180.77,0.0217
2024-07-28,Risk,38,279.34,0.0
2024-07-29,Compliance,113,415.33,0.0531
2024-07-29,Finance,129,156.82,0.0155
2024-07-29,HR,145,886.49,0.0207
2024-07-29,IT,157,259.72,0.0191
2024-07-29,Logistics,124,1995.3,0.0081
2024-07-29,Operations,143,143.21,0.014
2024-07-29,Risk,157,250.54,0.0127
2024-07-30,Compliance,145,174.57,0.0276
2024-07-30,Finance,147,139.93,0.0408
2024-07-30,HR,139,911.2,0.0216
2024-07-30,IT,154,190.52,0.013
2024-07-30,Logistics,128,1263.32,0.0
2024-07-30,Operations,152,154.14,0.0
2024-07-30,Risk,136,265.32,0.0221
2024-07-31,Compliance,154,1292.59,0.0325
2024-07-31,Finance,147,160.46,0.0136
2024-07-31,HR,149,849.19,0.0134
2024-07-31,IT,144,232.04,0.0139
2024-07-31,Logistics,125,1201.6,0.008
2024-07-31,Operations,143,235.91,0.007
2024-07-31,Risk,129,335.14,0.031
2024-08-01,Compliance,133,685.46,0.0301
2024-08-01,Finance,128,134.15,0.0156
2024-08-01,HR,147,1101.82,0.0204
2024-08-01,IT,132,295.09,0.0076
2024-08-01,Logistics,132,1087.78,0.0152
2024-08-01,Operations,137,269.16,0.0146
2024-08-01,Risk,155,183.8,0.0129
2024-08-02,Compliance,143,416.54,0.021
2024-08-02,Finance,171,144.88,0.0175
2024-08-02,HR,137,661.77,0.0073
2024-08-02,IT,152,301.92,0.0197
2024-08-02,Logistics,106,1309.9,0.0189
2024-08-02,Operations,116,196.69,0.0259
2024-08-02,Risk,129,281.91,0.0233
2024-08-03,Compliance,49,395.72,0.0408
2024-08-03,Finance,49,149.88,0.0
2024-08-03,HR,49,970.44,0.0816
2024-08-03,IT,43,259.88,0.0465
2024-08-03,Logistics,54,1181.19,0.0185
2024-08-03,Operations,49,186.33,0.0204
2024-08-03,Risk,48,167.61,0.0417
2024-08-04,Compliance,43,522.27,0.0698
2024-08-04,Finance,46,133.89,0.0217
2024-08-04,HR,46,834.66,0.0435
2024-08-04,IT,42,203.34,0.0476
2024-08-04,Logistics,48,1045.08,0.0625
2024-08-04,Operations,52,180.84,0.0577
2024-08-04,Risk,39,286.52,0.0769
2024-08-05,Compliance,127,556.03,0.0157
2024-08-05,Finance,140,164.86,0.0071
2024-08-05,HR,138,989.21,0.0145
2024-08-05,IT,153,269.77,0.0131
2024-08-05,Logistics,125,1449.92,0.0
2024-08-05,Operations,137,206.05,0.0073
2024-08-05,Risk,139,226.47,0.0216
2024-08-06,Compliance,124,420.75,0.0161
2024-08-06,Finance,141,164.1,0.0213
2024-08-06,HR,133,719.15,0.0075
2024-08-06,IT,125,189.36,0.04
2024-08-06,Logistics,136,939.0,0.0221
2024-08-06,Operations,143,208.98,0.0559
2024-08-06,Risk,145,200.79,0.0345
2024-08-07,Compliance,150,492.89,0.0333
2024-08-07,Finance,147,124.05,0.0068
2024-08-07,HR,134,638.35,0.0224
2024-08-07,IT,119,282.09,0.0336
2024-08-07,Logistics,134,2090.62,0.0299
2024-08-07,Operations,123,217.22,0.0244
2024-08-07,Risk,121,228.97,0.0248
2024-08-08,Compliance,130,318.79,0.0077
2024-08-08,Finance,129,163.47,0.0155
2024-08-08,HR,134,865.52,0.0149
2024-08-08,IT,125,231.94,0.04
2024-08-08,Logistics,127,1291.49,0.0079
2024-08-08,Operations,143,280.12,0.021
2024-08-08,Risk,130,350.04,0.0385
2024-08-09,Compliance,134,505.99,0.0149
2024-08-09,Finance,142,133.97,0.0141
2024-08-09,HR,142,1501.7,0.0141
2024-08-09,IT,157,265.13,0.0127
2024-08-09,Logistics,148,924.45,0.0135
2024-08-09,Operations,122,278.86,0.0246
2024-08-09,Risk,140,263.84,0.0214
2024-08-10,Compliance,39,359.83,0.0256
2024-08-10,Finance,48,171.89,0.0
2024-08-10,HR,48,788.56,0.0208
2024-08-10,IT,38,232.33,0.0526
2024-08-10,Logistics,44,1200.31,0.0455
2024-08-10,Operations,46,221.68,0.0652
2024-08-10,Risk,39,366.37,0.0256
2024-08-11,Compliance,35,464.03,0.0286
2024-08-11,Finance,44,170.32,0.0909
2024-08-11,HR,45,1137.75,0.0444
2024-08-11,IT,48,233.46,0.0208
2024-08-11,Logistics,45,1000.27,0.0222
2024-08-11,Operations,36,233.73,0.0
2024-08-11,Risk,41,245.41,0.0488
2024-08-12,Compliance,111,774.97,0.018
2024-08-12,Finance,127,159.26,0.0394
2024-08-12,HR,136,944.85,0.0147
2024-08-12,IT,138,176.88,0.0362
2024-08-12,Logistics,136,1273.3,0.0074
2024-08-12,Operations,132,160.83,0.0152
2024-08-12,Risk,123,337.14,0.0244
2024-08-13,Compliance,146,684.36,0.0205
2024-08-13,Finance,147,121.71,0.0408
2024-08-13,HR,138,1077.51,0.029
2024-08-13,IT,142,252.18,0.0
2024-08-13,Logistics,151,1461.98,0.0265
2024-08-13,Operations,128,361.35,0.0
2024-08-13,Risk,144,249.55,0.0139
2024-08-14,Compliance,118,327.81,0.0339
2024-08-14,Finance,148,194.09,0.0135
2024-08-14,HR,125,1019.78,0.016
2024-08-14,IT,123,175.79,0.0163
2024-08-14,Logistics,149,1332.09,0.0201
2024-08-14,Operations,140,123.79,0.0286
2024-08-14,Risk,142,276.35,0.007
2024-08-15,Compliance,137,379.07,0.0073
2024-08-15,Finance,128,125.33,0.0313
2024-08-15,HR,122,1117.76,0.0246
2024-08-15,IT,110,209.94,0.0182
2024-08-15,Logistics,128,1152.38,0.0313
2024-08-15,Operations,144,246.17,0.0139
2024-08-15,Risk,123,301.92,0.0244
2024-08-16,Compliance,129,558.76,0.0388
2024-08-16,Finance,120,161.48,0.0333
2024-08-16,HR,153,681.25,0.0261
2024-08-16,IT,145,238.16,0.0276
2024-08-16,Logistics,144,1184.28,0.0347
2024-08-16,Operations,128,276.13,0.0234
2024-08-16,Risk,138,229.72,0.0072
2024-08-17,Compliance,43,1457.55,0.0233
2024-08-17,Finance,45,180.96,0.0222
2024-08-17,HR,54,1277.9,0.0556
2024-08-17,IT,40,221.61,0.025
2024-08-17,Logistics,41,1095.85,0.0
2024-08-17,Operations,48,223.19,0.0208
2024-08-17,Risk,41,274.17,0.0244
2024-08-18,Compliance,40,855.89,0.05
2024-08-18,Finance,41,173.8,0.0488
2024-08-18,HR,45,683.57,0.0
2024-08-18,IT,44,181.95,0.0455
2024-08-18,Logistics,41,1068.87,0.0
2024-08-18,Operations,44,187.03,0.0227
2024-08-18,Risk,46,188.56,0.0435
2024-08-19,Compliance,125,628.72,0.008
2024-08-19,Finance,132,398.48,0.0152
2024-08-19,HR,109,568.92,0.0183
2024-08-19,IT,144,226.87,0.0347
2024-08-19,Logistics,128,2127.43,0.0078
2024-08-19,Operations,140,265.5,0.0071
2024-08-19,Risk,125,276.57,0.016
2024-08-20,Compliance,136,573.51,0.0368
2024-08-20,Finance,141,166.04,0.0071
2024-08-20,HR,123,890.34,0.0244
2024-08-20,IT,128,195.43,0.0156
2024-08-20,Logistics,128,1426.05,0.0313
2024-08-20,Operations,138,223.54,0.029
2024-08-20,Risk,134,236.65,0.0224
2024-08-21,Compliance,148,1405.07,0.0203
2024-08-21,Finance,139,175.71,0.0504
2024-08-21,HR,137,665.9,0.0146
2024-08-21,IT,166,232.92,0.0181
2024-08-21,Logistics,126,1225.15,0.0317
2024-08-21,Operations,151,224.45,0.0066
2024-08-21,Risk,138,451.62,0.029
2024-08-22,Compliance,158,495.87,0.038
2024-08-22,Finance,140,177.27,0.0071
2024-08-22,HR,109,520.81,0.0092
2024-08-22,IT,128,523.2,0.0313
2024-08-22,Logistics,151,1311.68,0.0132
2024-08-22,Operations,115,252.83,0.0087
2024-08-22,Risk,138,282.68,0.0072
2024-08-23,Compliance,123,658.19,0.0407
2024-08-23,Finance,135,196.14,0.0222
2024-08-23,HR,113,1067.05,0.0177
2024-08-23,IT,146,194.54,0.0137
2024-08-23,Logistics,132,1256.97,0.0303
2024-08-23,Operations,123,200.03,0.0244
2024-08-23,Risk,123,267.11,0.0163
2024-08-24,Compliance,41,615.86,0.0244
2024-08-24,Finance,37,171.45,0.0541
2024-08-24,HR,43,873.21,0.093
2024-08-24,IT,45,202.79,0.0444
2024-08-24,Logistics,44,708.92,0.0455
2024-08-24,Operations,39,144.2,0.0513
2024-08-24,Risk,53,131.39,0.0377
2024-08-25,Compliance,40,407.45,0.025
2024-08-25,Finance,41,161.27,0.0976
2024-08-25,HR,34,978.51,0.0588
2024-08-25,IT,42,258.88,0.0238
2024-08-25,Logistics,38,1217.66,0.0789
2024-08-25,Operations,46,238.43,0.0217
2024-08-25,Risk,43,234.28,0.0233
2024-08-26,Compliance,128,536.56,0.0156
2024-08-26,Finance,124,171.75,0.0323
2024-08-26,HR,142,954.65,0.0141
2024-08-26,IT,138,179.17,0.0
2024-08-26,Logistics,123,960.1,0.0244
2024-08-26,Operations,136,206.21,0.0147
2024-08-26,Risk,119,248.58,0.0252
2024-08-27,Compliance,135,501.96,0.0148
2024-08-27,Finance,129,156.56,0.0155
2024-08-27,HR,147,857.27,0.0136
2024-08-27,IT,127,364.22,0.0157
2024-08-27,Logistics,131,1316.63,0.0382
2024-08-27,Operations,114,201.98,0.0614
2024-08-27,Risk,121,193.76,0.0248
2024-08-28,Compliance,113,512.34,0.0177
2024-08-28,Finance,134,127.9,0.0373
2024-08-28,HR,112,1073.26,0.0
2024-08-28,IT,147,333.81,0.0136
2024-08-28,Logistics,123,1431.96,0.0
2024-08-28,Operations,125,149.89,0.04
2024-08-28,Risk,143,187.84,0.035
2024-08-29,Compliance,132,627.0,0.0152
2024-08-29,Finance,125,162.02,0.024
2024-08-29,HR,130,1323.3,0.0231
2024-08-29,IT,117,258.54,0.0085
2024-08-29,Logistics,134,963.11,0.0373
2024-08-29,Operations,130,126.75,0.0154
2024-08-29,Risk,124,204.46,0.0081
2024-08-30,Compliance,113,299.34,0.0177
2024-08-30,Finance,131,152.02,0.0
2024-08-30,HR,130,513.04,0.0154
2024-08-30,IT,128,379.77,0.0313
2024-08-30,Logistics,124,1223.03,0.0403
2024-08-30,Operations,117,193.4,0.0085
2024-08-30,Risk,138,262.34,0.0217
2024-08-31,Compliance,40,427.14,0.0
2024-08-31,Finance,40,124.82,0.025
2024-08-31,HR,42,902.71,0.0476
2024-08-31,IT,45,183.28,0.0222
2024-08-31,Logistics,35,1438.66,0.0286
2024-08-31,Operations,54,164.82,0.0556
2024-08-31,Risk,44,240.89,0.0682
2024-09-01,Compliance,41,524.31,0.0732
2024-09-01,Finance,45,164.5,0.0
2024-09-01,HR,40,687.37,0.05
2024-09-01,IT,38,213.19,0.0
2024-09-01,Logistics,48,764.29,0.0
2024-09-01,Operations,51,325.46,0.0196
2024-09-01,Risk,41,281.07,0.0488
2024-09-02,Compliance,114,626.75,0.0088
2024-09-02,Finance,109,169.36,0.0275
2024-09-02,HR,118,790.38,0.0254
2024-09-02,IT,130,245.38,0.0077
2024-09-02,Logistics,113,1566.24,0.0177
2024-09-02,Operations,133,241.52,0.0
2024-09-02,Risk,105,193.79,0.019
2024-09-03,Compliance,142,530.08,0.0352
2024-09-03,Finance,131,133.92,0.0076
2024-09-03,HR,129,971.09,0.0078
2024-09-03,IT,135,226.77,0.0222
2024-09-03,Logistics,132,1224.2,0.0227
2024-09-03,Operations,134,195.36,0.0224
2024-09-03,Risk,138,234.28,0.0072
2024-09-04,Compliance,140,292.9,0.0143
2024-09-04,Finance,121,159.49,0.0083
2024-09-04,HR,123,437.27,0.0407
2024-09-04,IT,117,194.63,0.0085
2024-09-04,Logistics,117,1152.57,0.0171
2024-09-04,Operations,124,201.57,0.0242
2024-09-04,Risk,113,244.16,0.0177
2024-09-05,Compliance,147,728.62,0.0272
2024-09-05,Finance,116,101.75,0.069
2024-09-05,HR,138,1031.32,0.0145
2024-09-05,IT,123,243.19,0.0
2024-09-05,Logistics,139,1122.52,0.0072
2024-09-05,Operations,127,273.27,0.0394
2024-09-05,Risk,120,326.27,0.0167
2024-09-06,Compliance,118,563.03,0.0169
2024-09-06,Finance,131,166.39,0.0229
2024-09-06,HR,121,787.4,0.0165
2024-09-06,IT,147,180.94,0.0204
2024-09-06,Logistics,141,1417.37,0.0142
2024-09-06,Operations,135,174.64,0.0148
2024-09-06,Risk,135,294.01,0.0222
2024-09-07,Compliance,48,501.65,0.0833
2024-09-07,Finance,39,113.87,0.0513
2024-09-07,HR,42,1872.44,0.0238
2024-09-07,IT,47,230.34,0.0426
2024-09-07,Logistics,38,1147.81,0.0
2024-09-07,Operations,43,173.79,0.0233
2024-09-07,Risk,44,230.41,0.0455
2024-09-08,Compliance,39,611.2,0.0256
2024-09-08,Finance,41,160.69,0.0
2024-09-08,HR,42,743.26,0.0476
2024-09-08,IT,46,204.55,0.0
2024-09-08,Logistics,41,923.81,0.0244
2024-09-08,Operations,44,151.94,0.0
2024-09-08,Risk,36,268.57,0.0
2024-09-09,Compliance,133,614.56,0.0075
2024-09-09,Finance,110,147.18,0.0273
2024-09-09,HR,135,646.13,0.0222
2024-09-09,IT,111,219.17,0.0
2024-09-09,Logistics,142,1173.67,0.007
2024-09-09,Operations,106,218.39,0.0283
2024-09-09,Risk,131,188.22,0.0076
2024-09-10,Compliance,137,430.87,0.0146
2024-09-10,Finance,134,121.69,0.0224
2024-09-10,HR,136,732.66,0.0147
2024-09-10,IT,115,197.68,0.0348
2024-09-10,Logistics,133,983.58,0.0075
2024-09-10,Operations,123,153.32,0.0163
2024-09-10,Risk,119,266.04,0.0336
2024-09-11,Compliance,129,581.93,0.0078
2024-09-11,Finance,133,132.78,0.0075
2024-09-11,HR,130,1153.25,0.0231
2024-09-11,IT,107,231.4,0.0093
2024-09-11,Logistics,124,1125.38,0.0161
2024-09-11,Operations,124,189.89,0.0161
2024-09-11,Risk,139,252.93,0.0432
2024-09-12,Compliance,135,521.38,0.0222
2024-09-12,Finance,140,370.13,0.0071
2024-09-12,HR,139,988.37,0.0
2024-09-12,IT,132,244.31,0.0227
2024-09-12,Logistics,139,832.41,0.0288
2024-09-12,Operations,146,176.63,0.0274
2024-09-12,Risk,130,251.45,0.0154
2024-09-13,Compliance,122,587.18,0.0164
2024-09-13,Finance,115,167.64,0.0261
2024-09-13,HR,142,983.74,0.0141
2024-09-13,IT,128,231.12,0.0391
2024-09-13,Logistics,107,1015.18,0.0374
2024-09-13,Operations,124,237.72,0.0081
2024-09-13,Risk,129,756.53,0.0155
2024-09-14,Compliance,46,428.54,0.0
2024-09-14,Finance,44,147.2,0.0909
2024-09-14,HR,40,799.59,0.0
2024-09-14,IT,45,409.14,0.0444
2024-09-14,Logistics,36,938.1,0.0
2024-09-14,Operations,42,292.96,0.0476
2024-09-14,Risk,34,210.68,0.0588
2024-09-15,Compliance,41,830.13,0.0488
2024-09-15,Finance,42,172.62,0.0
2024-09-15,HR,41,926.01,0.0732
2024-09-15,IT,43,252.89,0.0465
2024-09-15,Logistics,44,1590.56,0.0455
2024-09-15,Operations,44,181.42,0.0227
2024-09-15,Risk,37,228.1,0.027
2024-09-16,Compliance,147,464.79,0.0272
2024-09-16,Finance,135,179.84,0.0222
2024-09-16,HR,142,718.69,0.007
2024-09-16,IT,150,206.45,0.0267
2024-09-16,Logistics,141,1100.29,0.0071
2024-09-16,Operations,121,177.77,0.0083
2024-09-16,Risk,118,224.33,0.0169
2024-09-17,Compliance,120,455.6,0.025
2024-09-17,Finance,134,150.33,0.0075
2024-09-17,HR,126,933.12,0.0238
2024-09-17,IT,129,174.18,0.0155
2024-09-17,Logistics,123,936.98,0.0163
2024-09-17,Operations,107,153.35,0.0093
2024-09-17,Risk,117,307.38,0.0342
2024-09-18,Compliance,119,453.64,0.0252
2024-09-18,Finance,150,165.38,0.0067
2024-09-18,HR,121,1134.56,0.0083
2024-09-18,IT,126,222.36,0.0
2024-09-18,Logistics,133,1229.16,0.015
2024-09-18,Operations,136,193.83,0.0221
2024-09-18,Risk,119,163.15,0.0084
2024-09-19,Compliance,124,673.75,0.0403
2024-09-19,Finance,119,362.28,0.0084
2024-09-19,HR,140,926.06,0.0214
2024-09-19,IT,134,218.07,0.0373
2024-09-19,Logistics,114,1338.62,0.0263
2024-09-19,Operations,125,218.32,0.032
2024-09-19,Risk,121,210.77,0.0331
2024-09-20,Compliance,128,593.65,0.0078
2024-09-20,Finance,113,183.38,0.0088
2024-09-20,HR,124,960.5,0.0081
2024-09-20,IT,129,360.57,0.0155
2024-09-20,Logistics,129,933.73,0.0155
2024-09-20,Operations,118,180.86,0.0339
2024-09-20,Risk,139,242.2,0.0216
2024-09-21,Compliance,43,515.31,0.0
2024-09-21,Finance,45,156.93,0.0222
2024-09-21,HR,38,685.43,0.0526
2024-09-21,IT,47,204.13,0.0213
2024-09-21,Logistics,32,1564.8,0.0313
2024-09-21,Operations,43,258.31,0.0233
2024-09-21,Risk,37,309.78,0.027
2024-09-22,Compliance,41,709.64,0.0488
2024-09-22,Finance,46,264.13,0.0217
2024-09-22,HR,37,833.34,0.0541
2024-09-22,IT,42,325.8,0.0238
2024-09-22,Logistics,36,937.87,0.0556
2024-09-22,Operations,46,251.95,0.0217
2024-09-22,Risk,38,421.59,0.0263
2024-09-23,Compliance,146,641.28,0.0274
2024-09-23,Finance,138,151.37,0.029
2024-09-23,HR,138,820.19,0.0217
2024-09-23,IT,121,262.1,0.0083
2024-09-23,Logistics,138,1134.96,0.0362
2024-09-23,Operations,117,305.24,0.0342
2024-09-23,Risk,127,302.88,0.0315
2024-09-24,Compliance,140,494.81,0.0214
2024-09-24,Finance,122,161.73,0.0246
2024-09-24,HR,122,961.63,0.0246
2024-09-24,IT,128,192.45,0.0469
2024-09-24,Logistics,148,1247.11,0.0135
2024-09-24,Operations,141,232.09,0.0071
2024-09-24,Risk,131,280.11,0.0153
2024-09-25,Compliance,136,506.49,0.0294
2024-09-25,Finance,113,130.7,0.0265
2024-09-25,HR,131,872.8,0.0076
2024-09-25,IT,144,238.76,0.0417
2024-09-25,Logistics,131,1443.63,0.0076
2024-09-25,Operations,132,160.26,0.0152
2024-09-25,Risk,120,252.27,0.0333
2024-09-26,Compliance,128,374.37,0.0234
2024-09-26,Finance,148,151.81,0.027
2024-09-26,HR,115,939.71,0.0087
2024-09-26,IT,127,198.31,0.0079
2024-09-26,Logistics,117,1403.29,0.0085
2024-09-26,Operations,126,212.32,0.0
2024-09-26,Risk,117,316.73,0.0085
2024-09-27,Compliance,105,595.07,0.019
2024-09-27,Finance,145,185.3,0.0138
2024-09-27,HR,127,1216.78,0.0
2024-09-27,IT,114,205.41,0.0175
2024-09-27,Logistics,130,1093.65,0.0154
2024-09-27,Operations,141,507.84,0.0071
2024-09-27,Risk,147,507.61,0.0204
2024-09-28,Compliance,42,577.61,0.0238
2024-09-28,Finance,37,169.12,0.0
2024-09-28,HR,42,857.22,0.0
2024-09-28,IT,44,184.8,0.0455
2024-09-28,Logistics,36,1082.52,0.0278
2024-09-28,Operations,48,224.85,0.0625
2024-09-28,Risk,49,290.03,0.0
2024-09-29,Compliance,44,395.18,0.0
2024-09-29,Finance,43,164.37,0.0233
2024-09-29,HR,39,606.38,0.0769
2024-09-29,IT,45,207.23,0.0444
2024-09-29,Logistics,47,1006.65,0.0638
2024-09-29,Operations,41,198.5,0.0488
2024-09-29,Risk,43,279.18,0.0698
2024-09-30,Compliance,120,782.47,0.0
2024-09-30,Finance,132,210.88,0.0303
2024-09-30,HR,137,1021.06,0.0146
2024-09-30,IT,124,188.75,0.0323
2024-09-30,Logistics,144,1341.22,0.0069
2024-09-30,Operations,128,223.05,0.0156
2024-09-30,Risk,131,281.25,0.0076
2024-10-01,Compliance,119,641.92,0.0252
2024-10-01,Finance,106,151.32,0.0
2024-10-01,HR,151,1012.71,0.0265
2024-10-01,IT,127,292.18,0.0315
2024-10-01,Logistics,138,1038.47,0.0072
2024-10-01,Operations,134,213.11,0.0224
2024-10-01,Risk,137,243.4,0.0219
2024-10-02,Compliance,135,389.71,0.0148
2024-10-02,Finance,116,165.04,0.0086
2024-10-02,HR,142,849.29,0.0
2024-10-02,IT,121,182.41,0.0165
2024-10-02,Logistics,123,974.42,0.0081
2024-10-02,Operations,135,232.38,0.037
2024-10-02,Risk,130,580.3,0.0385
2024-10-03,Compliance,125,389.35,0.024
2024-10-03,Finance,117,154.84,0.0513
2024-10-03,HR,133,611.58,0.0301
2024-10-03,IT,117,225.01,0.0171
2024-10-03,Logistics,127,1021.93,0.0079
2024-10-03,Operations,134,162.26,0.0448
2024-10-03,Risk,125,182.55,0.024
2024-10-04,Compliance,144,620.29,0.0139
2024-10-04,Finance,115,156.87,0.0087
2024-10-04,HR,137,3122.58,0.0073
2024-10-04,IT,116,215.49,0.0086
2024-10-04,Logistics,131,1327.14,0.0305
2024-10-04,Operations,132,183.14,0.0076
2024-10-04,Risk,131,267.39,0.0153
2024-10-05,Compliance,37,409.78,0.0811
2024-10-05,Finance,35,174.19,0.0571
2024-10-05,HR,42,947.3,0.0238
2024-10-05,IT,46,234.64,0.0435
2024-10-05,Logistics,42,1105.01,0.0238
2024-10-05,Operations,40,189.73,0.05
2024-10-05,Risk,42,258.28,0.0238
2024-10-06,Compliance,39,564.14,0.1026
2024-10-06,Finance,46,144.47,0.0217
2024-10-06,HR,48,598.9,0.0208
2024-10-06,IT,44,445.2,0.0
2024-10-06,Logistics,37,1074.97,0.0541
2024-10-06,Operations,39,256.56,0.0
2024-10-06,Risk,42,251.69,0.0714
2024-10-07,Compliance,123,420.53,0.0325
2024-10-07,Finance,122,164.61,0.0164
2024-10-07,HR,131,732.03,0.0153
2024-10-07,IT,116,205.23,0.0086
2024-10-07,Logistics,130,754.57,0.0077
2024-10-07,Operations,138,261.6,0.0072
2024-10-07,Risk,132,296.58,0.0076
2024-10-08,Compliance,123,416.03,0.0081
2024-10-08,Finance,111,236.37,0.018
2024-10-08,HR,129,808.56,0.0078
2024-10-08,IT,126,216.85,0.0238
2024-10-08,Logistics,120,1392.88,0.0083
2024-10-08,Operations,130,264.61,0.0308
2024-10-08,Risk,123,324.42,0.0081
2024-10-09,Compliance,142,636.45,0.0141
2024-10-09,Finance,133,130.23,0.015
2024-10-09,HR,119,805.31,0.042
2024-10-09,IT,144,189.6,0.0
2024-10-09,Logistics,128,1311.68,0.0234
2024-10-09,Operations,123,208.74,0.0081
2024-10-09,Risk,132,318.94,0.0152
2024-10-10,Compliance,142,539.14,0.0211
2024-10-10,Finance,119,305.33,0.0252
2024-10-10,HR,128,975.1,0.0156
2024-10-10,IT,122,235.79,0.0164
2024-10-10,Logistics,133,1963.27,0.015
2024-10-10,Operations,136,207.25,0.0441
2024-10-10,Risk,127,147.79,0.0394
2024-10-11,Compliance,113,497.66,0.0177
2024-10-11,Finance,123,176.41,0.0163
2024-10-11,HR,138,754.26,0.0
2024-10-11,IT,130,250.11,0.0308
2024-10-11,Logistics,139,1759.44,0.036
2024-10-11,Operations,116,208.56,0.0259
2024-10-11,Risk,137,283.17,0.0292
2024-10-12,Compliance,35,598.56,0.0286
2024-10-12,Finance,43,286.54,0.0233
2024-10-12,HR,43,584.26,0.0465
2024-10-12,IT,45,213.03,0.0889
2024-10-12,Logistics,45,1331.02,0.0222
2024-10-12,Operations,43,253.91,0.0233
2024-10-12,Risk,38,251.17,0.0526
2024-10-13,Compliance,49,503.55,0.0612
2024-10-13,Finance,36,150.86,0.0
2024-10-13,HR,45,1822.76,0.0222
2024-10-13,IT,45,193.72,0.0222
2024-10-13,Logistics,39,1190.59,0.0256
2024-10-13,Operations,43,151.08,0.0233
2024-10-13,Risk,46,234.08,0.0435
2024-10-14,Compliance,161,641.3,0.0062
2024-10-14,Finance,129,149.77,0.0155
2024-10-14,HR,130,814.68,0.0231
2024-10-14,IT,129,176.5,0.0155
2024-10-14,Logistics,147,1500.9,0.0408
2024-10-14,Operations,105,198.68,0.0476
2024-10-14,Risk,124,281.09,0.0242
2024-10-15,Compliance,143,502.95,0.021
2024-10-15,Finance,123,148.17,0.0081
2024-10-15,HR,116,815.92,0.0086
2024-10-15,IT,119,209.54,0.0084
2024-10-15,Logistics,129,1044.12,0.031
2024-10-15,Operations,118,219.08,0.0254
2024-10-15,Risk,115,128.48,0.0522
2024-10-16,Compliance,132,557.71,0.0152
2024-10-16,Finance,114,125.36,0.0351
2024-10-16,HR,130,971.88,0.0154
2024-10-16,IT,142,203.58,0.0352
2024-10-16,Logistics,114,1166.31,0.0175
2024-10-16,Operations,146,233.62,0.0274
2024-10-16,Risk,124,216.99,0.0161
2024-10-17,Compliance,130,909.8,0.0308
2024-10-17,Finance,111,134.08,0.027
2024-10-17,HR,127,1249.14,0.0079
2024-10-17,IT,123,179.8,0.0081
2024-10-17,Logistics,148,1122.43,0.027
2024-10-17,Operations,139,237.36,0.0288
2024-10-17,Risk,134,217.11,0.0299
2024-10-18,Compliance,91,463.38,0.011
2024-10-18,Finance,130,169.25,0.0385
2024-10-18,HR,120,947.65,0.0083
2024-10-18,IT,124,247.28,0.0161
2024-10-18,Logistics,130,1019.68,0.0077
2024-10-18,Operations,131,252.48,0.0382
2024-10-18,Risk,122,213.01,0.0082
2024-10-19,Compliance,37,453.88,0.0
2024-10-19,Finance,43,257.99,0.0233
2024-10-19,HR,43,1107.39,0.0
2024-10-19,IT,37,238.45,0.0
2024-10-19,Logistics,43,1214.08,0.0465
2024-10-19,Operations,42,162.77,0.0
2024-10-19,Risk,40,294.68,0.025
2024-10-20,Compliance,47,406.18,0.0851
2024-10-20,Finance,52,136.6,0.0192
2024-10-20,HR,45,952.22,0.1111
2024-10-20,IT,44,216.71,0.0227
2024-10-20,Logistics,37,1046.42,0.0811
2024-10-20,Operations,43,233.67,0.0233
2024-10-20,Risk,33,202.36,0.0
2024-10-21,Compliance,132,588.08,0.0076
2024-10-21,Finance,141,131.86,0.0426
2024-10-21,HR,142,716.16,0.0352
2024-10-21,IT,140,226.6,0.0286
2024-10-21,Logistics,157,996.71,0.0255
2024-10-21,Operations,140,239.75,0.0071
2024-10-21,Risk,155,300.1,0.0065
2024-10-22,Compliance,151,625.33,0.0132
2024-10-22,Finance,132,136.36,0.0076
2024-10-22,HR,147,923.84,0.0068
2024-10-22,IT,116,184.63,0.0086
2024-10-22,Logistics,123,2462.63,0.0325
2024-10-22,Operations,119,207.97,0.0168
2024-10-22,Risk,113,286.57,0.0265
2024-10-23,Compliance,133,504.69,0.015
2024-10-23,Finance,122,189.0,0.0
2024-10-23,HR,126,1171.05,0.0
2024-10-23,IT,120,272.01,0.0083
2024-10-23,Logistics,139,1035.1,0.0288
2024-10-23,Operations,121,248.55,0.0
2024-10-23,Risk,142,265.61,0.0141
2024-10-24,Compliance,141,768.09,0.0213
2024-10-24,Finance,114,198.66,0.0175
2024-10-24,HR,112,1108.41,0.0179
2024-10-24,IT,116,190.98,0.0345
2024-10-24,Logistics,120,914.76,0.0
2024-10-24,Operations,119,158.46,0.0252
2024-10-24,Risk,129,269.91,0.0
2024-10-25,Compliance,137,302.34,0.0146
2024-10-25,Finance,126,178.56,0.0238
2024-10-25,HR,133,1057.91,0.0
2024-10-25,IT,124,181.34,0.0161
2024-10-25,Logistics,142,929.5,0.0282
2024-10-25,Operations,124,311.4,0.0323
2024-10-25,Risk,125,218.68,0.016
2024-10-26,Compliance,45,428.71,0.0222
2024-10-26,Finance,41,177.61,0.0244
2024-10-26,HR,44,665.68,0.1136
2024-10-26,IT,43,272.71,0.0698
2024-10-26,Logistics,40,1309.01,0.075
2024-10-26,Operations,43,265.2,0.0
2024-10-26,Risk,37,446.88,0.0811
2024-10-27,Compliance,41,727.97,0.0244
2024-10-27,Finance,34,179.17,0.0882
2024-10-27,HR,45,743.87,0.0222
2024-10-27,IT,43,294.59,0.0
2024-10-27,Logistics,45,1239.86,0.0
2024-10-27,Operations,41,229.87,0.0
2024-10-27,Risk,43,287.28,0.0233
2024-10-28,Compliance,128,455.36,0.0234
2024-10-28,Finance,132,141.37,0.0152
2024-10-28,HR,127,515.24,0.0157
2024-10-28,IT,143,215.74,0.035
2024-10-28,Logistics,148,1325.32,0.0203
2024-10-28,Operations,141,209.92,0.0071
2024-10-28,Risk,127,248.85,0.0157
2024-10-29,Compliance,135,518.85,0.0
2024-10-29,Finance,129,158.97,0.0233
2024-10-29,HR,120,834.86,0.0333
2024-10-29,IT,133,270.13,0.0075
2024-10-29,Logistics,129,1216.35,0.031
2024-10-29,Operations,124,210.87,0.0242
2024-10-29,Risk,114,197.54,0.0
2024-10-30,Compliance,114,678.81,0.0351
2024-10-30,Finance,128,166.49,0.0078
2024-10-30,HR,132,564.47,0.0227
2024-10-30,IT,131,179.6,0.0153
2024-10-30,Logistics,128,1028.67,0.0078
2024-10-30,Operations,126,173.32,0.0317
2024-10-30,Risk,126,266.47,0.0079
2024-10-31,Compliance,140,473.24,0.0429
2024-10-31,Finance,118,148.86,0.0085
2024-10-31,HR,144,1587.02,0.0347
2024-10-31,IT,145,333.54,0.0207
2024-10-31,Logistics,136,871.05,0.0147
2024-10-31,Operations,137,205.6,0.0219
2024-10-31,Risk,117,171.91,0.0085
2024-11-01,Compliance,112,630.81,0.0268
2024-11-01,Finance,129,160.68,0.0
2024-11-01,HR,139,2176.89,0.0144
2024-11-01,IT,111,257.88,0.045
2024-11-01,Logistics,136,1072.57,0.0147
2024-11-01,Operations,113,207.19,0.0088
2024-11-01,Risk,113,266.65,0.0442
2024-11-02,Compliance,44,525.53,0.0455
2024-11-02,Finance,41,152.09,0.0976
2024-11-02,HR,46,955.02,0.0652
2024-11-02,IT,42,176.03,0.0238
2024-11-02,Logistics,45,1304.66,0.0
2024-11-02,Operations,43,200.79,0.0465
2024-11-02,Risk,42,266.85,0.0714
2024-11-03,Compliance,48,519.8,0.0208
2024-11-03,Finance,49,178.95,0.0
2024-11-03,HR,39,986.87,0.0513
2024-11-03,IT,44,210.6,0.0227
2024-11-03,Logistics,51,1068.61,0.0196
2024-11-03,Operations,48,201.21,0.0208
2024-11-03,Risk,36,153.94,0.0278
2024-11-04,Compliance,151,341.43,0.0
2024-11-04,Finance,139,156.98,0.0072
2024-11-04,HR,131,999.58,0.0076
2024-11-04,IT,130,213.39,0.0231
2024-11-04,Logistics,115,1123.01,0.0348
2024-11-04,Operations,115,237.8,0.0087
2024-11-04,Risk,131,204.88,0.0076
2024-11-05,Compliance,126,404.11,0.0397
2024-11-05,Finance,135,128.38,0.0148
2024-11-05,HR,150,1208.32,0.0067
2024-11-05,IT,136,217.86,0.0221
2024-11-05,Logistics,131,1227.63,0.0076
2024-11-05,Operations,136,204.81,0.0074
2024-11-05,Risk,144,349.28,0.0208
2024-11-06,Compliance,139,453.98,0.036
2024-11-06,Finance,121,151.6,0.0248
2024-11-06,HR,121,606.4,0.0331
2024-11-06,IT,143,175.31,0.007
2024-11-06,Logistics,141,1519.87,0.0496
2024-11-06,Operations,142,219.28,0.0211
2024-11-06,Risk,135,299.24,0.0222
2024-11-07,Compliance,121,637.92,0.0661
2024-11-07,Finance,127,192.22,0.0079
2024-11-07,HR,138,715.2,0.0
2024-11-07,IT,143,242.99,0.007
2024-11-07,Logistics,113,982.8,0.0354
2024-11-07,Operations,134,215.39,0.0075
2024-11-07,Risk,140,220.96,0.0071
2024-11-08,Compliance,126,612.04,0.0159
2024-11-08,Finance,149,163.31,0.0268
2024-11-08,HR,118,508.96,0.0169
2024-11-08,IT,135,257.69,0.0074
2024-11-08,Logistics,134,1616.1,0.0149
2024-11-08,Operations,131,149.49,0.0305
2024-11-08,Risk,134,154.86,0.0149
2024-11-09,Compliance,41,644.69,0.0976
2024-11-09,Finance,47,123.83,0.0213
2024-11-09,HR,45,812.89,0.0667
2024-11-09,IT,41,187.53,0.0244
2024-11-09,Logistics,46,1296.01,0.0217
2024-11-09,Operations,51,239.59,0.0392
2024-11-09,Risk,49,232.71,0.0204
2024-11-10,Compliance,40,398.97,0.025
2024-11-10,Finance,46,101.17,0.087
2024-11-10,HR,43,690.09,0.0465
2024-11-10,IT,48,225.75,0.0
2024-11-10,Logistics,38,1226.84,0.0789
2024-11-10,Operations,45,233.31,0.0
2024-11-10,Risk,36,280.04,0.0556
2024-11-11,Compliance,123,548.67,0.0163
2024-11-11,Finance,125,187.21,0.032
2024-11-11,HR,129,895.43,0.0155
2024-11-11,IT,133,208.75,0.015
2024-11-11,Logistics,132,1080.93,0.0379
2024-11-11,Operations,121,237.49,0.0248
2024-11-11,Risk,140,176.23,0.0071
2024-11-12,Compliance,134,517.6,0.0299
2024-11-12,Finance,135,126.88,0.0074
2024-11-12,HR,130,748.42,0.0077
2024-11-12,IT,153,177.18,0.0065
2024-11-12,Logistics,118,1325.53,0.0
2024-11-12,Operations,128,174.39,0.0234
2024-11-12,Risk,149,172.9,0.0067
2024-11-13,Compliance,133,523.53,0.0075
2024-11-13,Finance,128,290.52,0.0391
2024-11-13,HR,128,1090.94,0.0156
2024-11-13,IT,142,266.89,0.0141
2024-11-13,Logistics,131,1260.14,0.0458
2024-11-13,Operations,147,214.14,0.0068
2024-11-13,Risk,124,222.04,0.0242
2024-11-14,Compliance,126,609.55,0.0079
2024-11-14,Finance,118,173.91,0.0169
2024-11-14,HR,129,1071.55,0.0155
2024-11-14,IT,124,238.71,0.0323
2024-11-14,Logistics,110,1240.04,0.0
2024-11-14,Operations,119,239.85,0.0168
2024-11-14,Risk,157,188.5,0.0255
2024-11-15,Compliance,147,1493.31,0.034
2024-11-15,Finance,139,162.84,0.0144
2024-11-15,HR,124,701.44,0.0242
2024-11-15,IT,128,242.45,0.0156
2024-11-15,Logistics,152,1060.78,0.0197
2024-11-15,Operations,112,189.56,0.0179
2024-11-15,Risk,142,350.96,0.0423
2024-11-16,Compliance,42,393.4,0.0476
2024-11-16,Finance,43,116.35,0.0233
2024-11-16,HR,37,1305.0,0.0811
2024-11-16,IT,46,198.79,0.087
2024-11-16,Logistics,44,1163.88,0.0455
2024-11-16,Operations,46,219.62,0.0435
2024-11-16,Risk,43,312.63,0.0233
2024-11-17,Compliance,52,615.32,0.0192
2024-11-17,Finance,46,167.55,0.1087
2024-11-17,HR,40,985.21,0.025
2024-11-17,IT,35,404.25,0.0286
2024-11-17,Logistics,37,1035.38,0.0541
2024-11-17,Operations,40,250.46,0.025
2024-11-17,Risk,47,163.22,0.0851
2024-11-18,Compliance,139,493.83,0.0072
2024-11-18,Finance,153,158.07,0.0392
2024-11-18,HR,106,684.43,0.0094
2024-11-18,IT,145,211.85,0.0345
2024-11-18,Logistics,136,973.23,0.0221
2024-11-18,Operations,145,209.96,0.0345
2024-11-18,Risk,158,198.83,0.038
2024-11-19,Compliance,143,332.05,0.021
2024-11-19,Finance,126,118.8,0.0238
2024-11-19,HR,122,1196.85,0.0492
2024-11-19,IT,153,242.58,0.0065
2024-11-19,Logistics,120,1289.91,0.05
2024-11-19,Operations,122,163.94,0.0656
2024-11-19,Risk,150,321.67,0.0267
2024-11-20,Compliance,138,520.43,0.0362
2024-11-20,Finance,123,130.56,0.0163
2024-11-20,HR,135,548.95,0.0148
2024-11-20,IT,142,201.89,0.0352
2024-11-20,Logistics,146,1297.53,0.0137
2024-11-20,Operations,130,223.67,0.0308
2024-11-20,Risk,143,306.38,0.021
2024-11-21,Compliance,156,618.44,0.0256
2024-11-21,Finance,119,113.21,0.0168
2024-11-21,HR,133,429.03,0.015
2024-11-21,IT,145,246.38,0.0207
2024-11-21,Logistics,139,1100.11,0.0216
2024-11-21,Operations,137,171.3,0.0219
2024-11-21,Risk,131,248.22,0.0153
2024-11-22,Compliance,124,632.93,0.0161
2024-11-22,Finance,147,130.91,0.0068
2024-11-22,HR,161,693.29,0.0248
2024-11-22,IT,146,285.01,0.0205
2024-11-22,Logistics,144,1514.36,0.0208
2024-11-22,Operations,125,157.37,0.024
2024-11-22,Risk,152,280.34,0.0066
2024-11-23,Compliance,42,525.2,0.0714
2024-11-23,Finance,48,176.17,0.0208
2024-11-23,HR,37,503.15,0.027
2024-11-23,IT,44,190.83,0.0
2024-11-23,Logistics,45,1279.52,0.0222
2024-11-23,Operations,42,171.34,0.0
2024-11-23,Risk,43,220.37,0.0233
2024-11-24,Compliance,41,781.02,0.0
2024-11-24,Finance,43,159.27,0.0
2024-11-24,HR,42,728.82,0.0
2024-11-24,IT,46,247.33,0.0
2024-11-24,Logistics,47,1134.14,0.0213
2024-11-24,Operations,46,204.4,0.087
2024-11-24,Risk,45,219.64,0.0
2024-11-25,Compliance,110,515.62,0.0182
2024-11-25,Finance,121,136.97,0.0165
2024-11-25,HR,135,598.67,0.0074
2024-11-25,IT,137,176.97,0.0146
2024-11-25,Logistics,125,1552.57,0.024
2024-11-25,Operations,119,190.82,0.0588
2024-11-25,Risk,130,220.08,0.0308
2024-11-26,Compliance,143,464.12,0.028
2024-11-26,Finance,169,252.13,0.0296
2024-11-26,HR,122,773.3,0.0164
2024-11-26,IT,124,135.1,0.0081
2024-11-26,Logistics,150,1159.87,0.0133
2024-11-26,Operations,141,194.01,0.0142
2024-11-26,Risk,144,181.28,0.0278
2024-11-27,Compliance,141,522.13,0.0213
2024-11-27,Finance,135,313.39,0.0296
2024-11-27,HR,155,778.99,0.0194
2024-11-27,IT,112,190.86,0.0179
2024-11-27,Logistics,147,1300.64,0.0272
2024-11-27,Operations,147,246.97,0.0204
2024-11-27,Risk,125,238.19,0.04
2024-11-28,Compliance,132,538.86,0.0303
2024-11-28,Finance,148,115.41,0.0135
2024-11-28,HR,146,1019.51,0.0068
2024-11-28,IT,153,188.08,0.0131
2024-11-28,Logistics,142,1351.94,0.007
2024-11-28,Operations,123,188.24,0.0813
2024-11-28,Risk,123,263.34,0.0488
2024-11-29,Compliance,127,487.09,0.0315
2024-11-29,Finance,147,182.89,0.0204
2024-11-29,HR,148,764.42,0.027
2024-11-29,IT,155,206.29,0.0452
2024-11-29,Logistics,118,1039.19,0.0
2024-11-29,Operations,125,256.37,0.008
2024-11-29,Risk,143,224.63,0.007
2024-11-30,Compliance,49,674.15,0.0204
2024-11-30,Finance,37,149.64,0.027
2024-11-30,HR,44,2536.39,0.0
2024-11-30,IT,41,189.37,0.0
2024-11-30,Logistics,45,1722.43,0.0222
2024-11-30,Operations,42,209.54,0.0
2024-11-30,Risk,40,212.77,0.025
2024-12-01,Compliance,44,423.0,0.0909
2024-12-01,Finance,47,141.15,0.0851
2024-12-01,HR,43,690.33,0.0465
2024-12-01,IT,42,180.64,0.0714
2024-12-01,Logistics,42,1193.24,0.0714
2024-12-01,Operations,46,138.19,0.0435
2024-12-01,Risk,56,280.68,0.0179
2024-12-02,Compliance,152,520.6,0.0526
2024-12-02,Finance,137,147.29,0.0146
2024-12-02,HR,137,994.98,0.0219
2024-12-02,IT,152,270.16,0.0132
2024-12-02,Logistics,131,726.53,0.0229
2024-12-02,Operations,135,226.58,0.0074
2024-12-02,Risk,120,171.34,0.0083
2024-12-03,Compliance,147,498.61,0.0136
2024-12-03,Finance,150,226.37,0.02
2024-12-03,HR,126,1259.91,0.0238
2024-12-03,IT,153,177.18,0.0261
2024-12-03,Logistics,155,1129.02,0.0194
2024-12-03,Operations,128,181.78,0.0234
2024-12-03,Risk,142,231.09,0.0
2024-12-04,Compliance,127,501.41,0.0157
2024-12-04,Finance,134,172.37,0.0
2024-12-04,HR,140,962.8,0.0429
2024-12-04,IT,140,217.35,0.0143
2024-12-04,Logistics,142,1151.27,0.0211
2024-12-04,Operations,160,206.0,0.025
2024-12-04,Risk,151,296.96,0.0265
2024-12-05,Compliance,145,435.89,0.0069
2024-12-05,Finance,148,138.32,0.0203
2024-12-05,HR,131,1007.31,0.0153
2024-12-05,IT,137,170.16,0.0292
2024-12-05,Logistics,127,1215.63,0.0079
2024-12-05,Operations,121,207.96,0.0165
2024-12-05,Risk,137,253.48,0.0146
2024-12-06,Compliance,126,554.1,0.0317
2024-12-06,Finance,132,160.53,0.0152
2024-12-06,HR,151,680.06,0.0199
2024-12-06,IT,133,269.02,0.0226
2024-12-06,Logistics,136,1034.39,0.0221
2024-12-06,Operations,141,143.56,0.0284
2024-12-06,Risk,151,206.49,0.0066
2024-12-07,Compliance,47,375.86,0.0638
2024-12-07,Finance,45,360.39,0.0
2024-12-07,HR,49,1020.07,0.0204
2024-12-07,IT,44,208.7,0.0227
2024-12-07,Logistics,40,1057.63,0.0
2024-12-07,Operations,48,200.18,0.0208
2024-12-07,Risk,44,373.85,0.0227
2024-12-08,Compliance,52,503.82,0.0577
2024-12-08,Finance,44,163.66,0.0
2024-12-08,HR,41,1126.51,0.0488
2024-12-08,IT,46,267.23,0.0652
2024-12-08,Logistics,41,1440.73,0.0976
2024-12-08,Operations,48,197.15,0.0417
2024-12-08,Risk,52,275.06,0.0
2024-12-09,Compliance,148,616.05,0.027
2024-12-09,Finance,138,189.39,0.029
2024-12-09,HR,136,818.7,0.0
2024-12-09,IT,140,194.28,0.0286
2024-12-09,Logistics,158,1413.06,0.019
2024-12-09,Operations,146,189.26,0.0411
2024-12-09,Risk,173,254.38,0.0231
2024-12-10,Compliance,138,728.04,0.029
2024-12-10,Finance,139,124.24,0.0072
2024-12-10,HR,151,1033.79,0.0066
2024-12-10,IT,136,201.31,0.0221
2024-12-10,Logistics,126,1060.4,0.0079
2024-12-10,Operations,135,182.27,0.0148
2024-12-10,Risk,137,299.37,0.0146
2024-12-11,Compliance,163,634.08,0.0368
2024-12-11,Finance,154,169.45,0.013
2024-12-11,HR,147,805.37,0.0
2024-12-11,IT,129,214.1,0.0078
2024-12-11,Logistics,143,1552.24,0.021
2024-12-11,Operations,134,205.15,0.0149
2024-12-11,Risk,143,194.23,0.021
2024-12-12,Compliance,143,542.14,0.007
2024-12-12,Finance,138,145.93,0.0217
2024-12-12,HR,151,810.64,0.0265
2024-12-12,IT,137,181.27,0.0219
2024-12-12,Logistics,135,1295.67,0.0148
2024-12-12,Operations,148,156.12,0.0135
2024-12-12,Risk,148,176.01,0.0203
2024-12-13,Compliance,164,435.64,0.0305
2024-12-13,Finance,160,144.39,0.025
2024-12-13,HR,119,989.28,0.0588
2024-12-13,IT,131,178.88,0.0763
2024-12-13,Logistics,139,1346.46,0.0072
2024-12-13,Operations,148,232.96,0.027
2024-12-13,Risk,123,268.41,0.0081
2024-12-14,Compliance,48,645.35,0.0208
2024-12-14,Finance,43,155.12,0.0233
2024-12-14,HR,52,948.15,0.0
2024-12-14,IT,45,268.02,0.0444
2024-12-14,Logistics,53,1115.68,0.0189
2024-12-14,Operations,41,252.84,0.0244
2024-12-14,Risk,44,224.82,0.0227
2024-12-15,Compliance,45,559.33,0.0222
2024-12-15,Finance,54,110.63,0.0
2024-12-15,HR,52,775.4,0.0385
2024-12-15,IT,51,193.27,0.0196
2024-12-15,Logistics,52,1291.02,0.0577
2024-12-15,Operations,45,168.29,0.1111
2024-12-15,Risk,48,336.75,0.0833
2024-12-16,Compliance,118,218.58,0.0339
2024-12-16,Finance,152,134.16,0.0132
2024-12-16,HR,158,821.41,0.0316
2024-12-16,IT,138,212.72,0.0362
2024-12-16,Logistics,165,676.46,0.0303
2024-12-16,Operations,157,271.92,0.0127
2024-12-16,Risk,115,169.14,0.0
2024-12-17,Compliance,135,561.26,0.0222
2024-12-17,Finance,129,160.39,0.0078
2024-12-17,HR,140,810.49,0.0
2024-12-17,IT,135,151.55,0.0074
2024-12-17,Logistics,124,1057.18,0.0081
2024-12-17,Operations,137,290.6,0.0219
2024-12-17,Risk,148,210.43,0.0068
2024-12-18,Compliance,153,655.42,0.0327
2024-12-18,Finance,142,135.64,0.0423
2024-12-18,HR,138,864.73,0.0217
2024-12-18,IT,140,223.64,0.0143
2024-12-18,Logistics,151,1863.91,0.0
2024-12-18,Operations,162,209.37,0.0123
2024-12-18,Risk,123,183.64,0.0163
2024-12-19,Compliance,158,620.78,0.0063
2024-12-19,Finance,148,167.73,0.0203
2024-12-19,HR,167,756.22,0.012
2024-12-19,IT,146,241.63,0.0137
2024-12-19,Logistics,143,954.31,0.035
2024-12-19,Operations,142,198.63,0.0211
2024-12-19,Risk,136,213.85,0.0368
2024-12-20,Compliance,149,631.04,0.0268
2024-12-20,Finance,148,166.33,0.0135
2024-12-20,HR,157,878.0,0.0255
2024-12-20,IT,147,233.29,0.034
2024-12-20,Logistics,137,1048.21,0.0073
2024-12-20,Operations,135,162.41,0.037
2024-12-20,Risk,160,196.18,0.025
2024-12-21,Compliance,49,236.21,0.0408
2024-12-21,Finance,54,183.23,0.0
2024-12-21,HR,45,957.08,0.0444
2024-12-21,IT,43,204.22,0.0233
2024-12-21,Logistics,50,1172.09,0.02
2024-12-21,Operations,46,242.66,0.0652
2024-12-21,Risk,43,340.14,0.0
2024-12-22,Compliance,50,540.34,0.02
2024-12-22,Finance,50,125.78,0.02
2024-12-22,HR,46,920.97,0.0217
2024-12-22,IT,43,305.08,0.0698
2024-12-22,Logistics,49,1043.63,0.0408
2024-12-22,Operations,47,360.0,0.0
2024-12-22,Risk,48,242.88,0.0417
2024-12-23,Compliance,155,556.14,0.0
2024-12-23,Finance,131,149.52,0.0305
2024-12-23,HR,164,903.31,0.0305
2024-12-23,IT,122,316.63,0.0246
2024-12-23,Logistics,161,942.42,0.0435
2024-12-23,Operations,141,184.36,0.0638
2024-12-23,Risk,157,212.72,0.0446
2024-12-24,Compliance,174,432.85,0.0115
2024-12-24,Finance,134,183.43,0.0149
2024-12-24,HR,144,830.52,0.0208
2024-12-24,IT,128,259.66,0.0156
2024-12-24,Logistics,153,1123.57,0.0327
2024-12-24,Operations,107,249.09,0.0
2024-12-24,Risk,158,247.35,0.019
2024-12-25,Compliance,149,658.83,0.0134
2024-12-25,Finance,161,133.96,0.0248
2024-12-25,HR,155,584.13,0.0129
2024-12-25,IT,163,248.54,0.0061
2024-12-25,Logistics,148,980.07,0.0405
2024-12-25,Operations,137,210.5,0.0292
2024-12-25,Risk,136,258.4,0.0147
2024-12-26,Compliance,168,635.34,0.0179
2024-12-26,Finance,137,155.4,0.0146
2024-12-26,HR,126,1051.56,0.0238
2024-12-26,IT,154,175.01,0.013
2024-12-26,Logistics,134,1357.65,0.0299
2024-12-26,Operations,135,336.3,0.0074
2024-12-26,Risk,143,273.85,0.0
2024-12-27,Compliance,148,491.29,0.0676
2024-12-27,Finance,153,137.41,0.0065
2024-12-27,HR,136,1052.96,0.0147
2024-12-27,IT,152,231.18,0.0197
2024-12-27,Logistics,132,1355.46,0.0152
2024-12-27,Operations,167,201.62,0.006
2024-12-27,Risk,149,315.58,0.0201
2024-12-28,Compliance,52,548.0,0.0
2024-12-28,Finance,45,193.27,0.0667
2024-12-28,HR,48,1025.13,0.0417
2024-12-28,IT,45,306.17,0.0222
2024-12-28,Logistics,51,973.95,0.0392
2024-12-28,Operations,44,216.42,0.0682
2024-12-28,Risk,49,281.75,0.0
2024-12-29,Compliance,47,507.22,0.0
2024-12-29,Finance,49,141.27,0.0612
2024-12-29,HR,53,1007.8,0.0377
2024-12-29,IT,54,204.87,0.0185
2024-12-29,Logistics,52,1215.29,0.0192
2024-12-29,Operations,52,214.66,0.0385
2024-12-29,Risk,44,253.67,0.0682
2024-12-30,Compliance,148,462.81,0.0135
2024-12-30,Finance,158,180.47,0.0443
2024-12-30,HR,152,1443.56,0.0197
2024-12-30,IT,165,189.84,0.0061
2024-12-30,Logistics,152,1512.36,0.0197
2024-12-30,Operations,135,227.24,0.037
2024-12-30,Risk,184,324.37,0.0109
